instance,gpu_t,gpu_a,gpu1,miniC2D,query_dnnf,sts,cachet,d4
./4step.cnf,0.511154,0.427242,0.278674,1.39537,0.00799006,0.706424,0.0282801,0.0189241
./50-10-1-q.cnf,0.992463,0.853782,0.501129,4.66324,4.20596,8.23804,900,4.72697
./50-10-10-q.cnf,1.03463,0.955197,0.494285,1.04694,1.70955,8.56115,900,1.94687
./50-10-2-q.cnf,1.16979,1.05182,3.17351,13.0235,8.5586,8.46234,900,8.7789
./50-10-3-q.cnf,1.02348,0.934554,0.534718,3.38709,6.6088,8.23523,900,8.2092
./50-10-4-q.cnf,1.11132,0.964273,0.535857,1.45653,0.875777,8.65836,900,0.962833
./50-10-5-q.cnf,0.936248,0.849322,0.546346,1.21659,0.801028,7.15432,131.383,0.955111
./50-10-6-q.cnf,1.02754,0.939708,0.522504,2.20499,8.59012,8.39705,900,9.94291
./50-10-7-q.cnf,1.07315,0.981955,0.512711,1.10145,4.46098,8.14441,900,5.91201
./50-10-8-q.cnf,1.18673,1.05857,0.544105,0.996738,1.52128,8.24607,900,1.87592
./50-10-9-q.cnf,1.07387,0.960675,0.53829,1.29961,4.86006,8.26219,900,5.1211
./50-12-1-q.cnf,1.4368,1.25825,0.692405,8.13649,44.5578,15.4668,900,50.865
./50-12-10-q.cnf,1.44497,1.2576,0.691843,6.50831,48.1651,17.8932,900,49.8223
./50-12-2-q.cnf,1.38329,1.148,0.675843,10.6984,9.90918,16.0256,900,13.9415
./50-12-3-q.cnf,1.40997,1.21861,0.690362,17.3626,33.2645,18.088,900,39.0727
./50-12-4-q.cnf,1.3522,1.20998,0.711079,95.071,33.0256,18.5334,900,31.7714
./50-12-5-q.cnf,1.66535,1.51291,0.724874,6.47235,52.6117,18.1355,900,47.5153
./50-12-6-q.cnf,1.28889,1.18094,0.699228,4.89761,4.79016,15.3389,900,4.94552
./50-12-7-q.cnf,1.41892,1.22442,0.725429,900,900,17.994,900,135.781
./50-12-8-q.cnf,1.373,1.27233,0.727311,11.2986,91.5567,17.7529,900,92.6842
./50-12-9-q.cnf,1.42185,1.24091,0.689684,7.54208,121.752,17.7533,900,131.085
./50-14-1-q.cnf,1.84522,1.57102,1.12559,156.006,900,35.1888,900,766.412
./50-14-10-q.cnf,1.98471,1.68106,1.0516,102.793,900,30.3582,900,486.842
./50-14-2-q.cnf,1.83994,1.68426,1.11358,174.111,900,30.3612,900,205.801
./50-14-3-q.cnf,1.90797,1.61972,1.06709,33.4557,900,35.2306,900,551.32
./50-14-4-q.cnf,1.69699,1.48307,1.03649,287.828,900,29.1312,900,162.121
./50-14-5-q.cnf,1.93944,1.70394,1.02118,175.396,900,35.8366,900,311.359
./50-14-6-q.cnf,1.71359,1.55505,1.07829,12.5573,74.3746,30.1519,900,70.9889
./50-14-7-q.cnf,2.05024,1.75675,1.3737,900,900,35.7418,900,357.235
./50-14-8-q.cnf,1.82445,1.57754,1.08693,84.2304,900,34.4438,900,137.915
./50-14-9-q.cnf,1.92043,1.58491,1.04747,136.127,900,29.1573,900,292.599
./50-16-1-q.cnf,4.19105,3.03182,4.99352,21.1791,900,66.4784,900,900
./50-16-10-q.cnf,3.83649,2.90402,2.54305,900,900,63.8418,900,900
./50-16-2-q.cnf,4.01607,2.9156,2.03224,490.168,900,61.1462,900,900
./50-16-3-q.cnf,3.28589,2.66772,3.61358,900,900,65.6026,900,900
./50-16-4-q.cnf,3.9337,2.81379,5.98805,49.6795,900,61.2795,900,900
./50-16-5-q.cnf,3.70158,2.80801,2.2308,326.45,900,59.7356,900,900
./50-16-6-q.cnf,4.11878,3.06601,4.97087,773.401,900,65.1959,900,900
./50-16-7-q.cnf,3.48187,2.55176,3.57629,74.484,900,62.4681,900,900
./50-16-8-q.cnf,4.19217,2.93923,4.92645,98.7375,900,64.0169,900,900
./50-16-9-q.cnf,3.32367,2.51185,3.38245,900,900,65.251,900,900
./50-18-1-q.cnf,19.8559,10.0302,904,900,900,104.255,900,900
./50-18-10-q.cnf,24.5054,11.1662,53.7236,900,900,89.5748,900,900
./50-18-2-q.cnf,25.2229,13.2772,34.0177,461.104,900,91.3419,900,900
./50-18-3-q.cnf,12.4544,7.29032,607.688,223.044,900,87.4881,900,900
./50-18-4-q.cnf,24.0663,12.213,12.757,221.793,900,90.4891,900,900
./50-18-5-q.cnf,9.92246,6.82766,18.6467,900,900,109.024,900,900
./50-18-6-q.cnf,23.3686,11.9377,28.4383,900,900,89.8788,900,900
./50-18-7-q.cnf,14.0063,8.43578,11.12,900,900,103.507,900,900
./50-18-8-q.cnf,13.0216,7.56006,324.283,294.321,900,101.417,900,900
./50-18-9-q.cnf,20.7696,10.8038,10.829,900,900,107.658,900,900
./50-20-1-q.cnf,137.72,91.7329,904,900,900,170.255,900,900
./50-20-10-q.cnf,904,904,904,900,900,171.717,900,900
./50-20-2-q.cnf,904,65.85,904,900,900,164.012,900,900
./50-20-3-q.cnf,904,79.7178,904,900,900,154.1,900,900
./50-20-4-q.cnf,904,101.434,904,900,900,172.701,900,900
./50-20-5-q.cnf,904,904,314.857,900,900,169.23,900,900
./50-20-6-q.cnf,904,101.826,904,900,900,169.723,900,900
./50-20-7-q.cnf,90.1615,43.8722,904,900,900,166.05,900,900
./50-20-8-q.cnf,65.846,45.5228,904,900,900,173.751,900,900
./50-20-9-q.cnf,152.985,74.8017,904,900,900,164.869,900,900
./5step.cnf,0.723148,0.586883,0.42885,0.899849,0.0077631,0.564265,0.022853,0.0133571
./75-10-1-q.cnf,0.817919,0.703638,0.4927,0.687259,0.0162461,6.70661,0.04695,0.027993
./75-10-10-q.cnf,0.833762,0.702893,0.470258,0.65254,0.144567,7.04144,0.0504279,0.0370719
./75-10-2-q.cnf,0.908652,10.3025,0.503599,0.776871,0.198713,8.13863,1.03333,0.222608
./75-10-3-q.cnf,0.579971,0.503975,0.28972,0.76214,900,900,0.022882,0.00661489
./75-10-4-q.cnf,0.834882,0.74973,0.518269,0.857953,0.0411029,7.28927,0.122034,0.077984
./75-10-5-q.cnf,0.846013,0.732581,0.502783,0.79837,0.192838,8.09744,2.05868,0.225081
./75-10-6-q.cnf,0.805371,0.696442,0.477105,0.831336,0.057304,6.86565,0.183648,0.075613
./75-10-7-q.cnf,0.925064,0.810624,0.495623,0.756509,0.0707579,6.45764,0.62634,0.100368
./75-10-8-q.cnf,0.936485,0.827129,0.512053,0.756671,0.101352,7.23614,1.36708,0.1138
./75-10-9-q.cnf,0.96013,0.857207,0.487493,0.739425,0.229821,7.0274,1.26572,0.280715
./75-12-1-q.cnf,1.00841,0.877638,0.645179,5.86203,0.482728,16.6282,179.658,0.566419
./75-12-10-q.cnf,0.999787,0.883253,0.687854,1.81536,0.395473,16.5738,10.1002,0.46942
./75-12-2-q.cnf,1.04291,0.943312,0.671157,0.976086,0.22802,14.9221,44.8321,0.292807
./75-12-3-q.cnf,1.01297,0.867711,0.646936,1.24959,1.66622,17.7162,146.513,1.98907
./75-12-4-q.cnf,1.0417,0.940267,0.689211,1.0072,0.41279,15.8943,1.60985,0.516053
./75-12-5-q.cnf,1.15805,0.962583,0.671276,1.57644,1.71814,14.7403,153.827,2.2347
./75-12-6-q.cnf,1.08443,0.974129,0.673453,1.47147,0.711323,16.7475,345.464,1.05365
./75-12-7-q.cnf,1.20222,0.972006,0.655653,1.22788,0.388153,16.239,29.0117,0.475774
./75-12-8-q.cnf,0.989574,0.859949,0.673936,1.19245,0.7664,14.854,25.3646,0.875572
./75-12-9-q.cnf,1.16283,1.02055,0.622057,1.06952,0.243623,12.835,9.10014,0.290966
./75-14-1-q.cnf,1.38811,1.19602,0.992708,1.52657,0.335625,26.6393,1.15413,0.460985
./75-14-10-q.cnf,1.61003,1.38884,0.973683,2.16349,1.06696,31.8961,900,1.28078
./75-14-2-q.cnf,1.28658,1.10572,1.20035,2.41681,0.781073,30.6438,93.0709,1.06152
./75-14-3-q.cnf,1.52058,1.31024,1.07909,24.9938,5.71908,28.6794,149.364,9.5955
./75-14-4-q.cnf,1.38408,1.26547,1.04903,3.36386,1.17693,31.3233,900,1.49876
./75-14-5-q.cnf,1.42602,1.21519,0.999352,2.08312,1.02323,32.2435,172.804,1.71564
./75-14-6-q.cnf,1.47205,1.23376,1.00386,1.65858,1.90844,31.9158,900,2.27629
./75-14-7-q.cnf,1.46213,1.22403,0.95094,13.0795,4.67267,31.6989,900,5.60588
./75-14-8-q.cnf,1.30473,1.10936,1.06719,2.22842,1.73524,30.8267,900,2.32799
./75-14-9-q.cnf,1.66504,1.44839,1.12114,17.2652,6.38968,32.3744,900,8.59186
./75-15-1-q.cnf,1.9663,1.60795,1.50018,5.64925,2.08746,37.563,900,2.44743
./75-15-10-q.cnf,1.82615,1.51334,1.64903,6.19434,9.62887,44.8534,900,11.1705
./75-15-2-q.cnf,1.88997,1.59457,1.55991,4.36678,2.12255,43.6468,900,2.86096
./75-15-3-q.cnf,1.86389,1.54966,1.45549,4.16987,6.49459,37.1947,900,7.84664
./75-15-4-q.cnf,1.83456,1.50154,1.79504,3.22085,0.879322,37.9734,122.804,1.5941
./75-15-5-q.cnf,0.619569,0.518026,1.45966,1.33986,900,900,0.072943,0.0130031
./75-15-6-q.cnf,2.02006,1.63818,2.28055,2.17059,5.65666,37.5192,900,7.30537
./75-15-7-q.cnf,1.76753,1.45255,1.95589,19.6006,5.65758,44.5571,900,6.5235
./75-15-8-q.cnf,1.78865,1.51724,1.26981,29.6591,3.76423,44.1059,900,4.15745
./75-15-9-q.cnf,1.80247,1.49855,1.57025,2.78725,1.23258,38.9823,774.079,1.81086
./75-16-1-q.cnf,2.9834,2.24536,2.25915,25.8666,27.3782,56.8229,900,37.444
./75-16-10-q.cnf,3.3709,2.65502,4.13447,42.3413,29.3288,53.4205,900,36.1468
./75-16-2-q.cnf,3.1621,2.37975,2.09744,21.5893,29.9325,55.7436,900,32.9139
./75-16-3-q.cnf,3.32443,2.55216,2.84819,401.038,23.611,53.8312,900,26.0063
./75-16-4-q.cnf,2.73868,2.20505,3.36722,94.8876,53.3199,59.8524,900,61.1964
./75-16-5-q.cnf,3.0491,2.29031,2.23291,181.03,7.95523,58.24,900,9.13811
./75-16-6-q.cnf,3.05608,2.39422,3.02329,95.9829,5.5446,53.2478,900,6.16809
./75-16-7-q.cnf,3.40319,2.37353,2.81657,52.9772,45.3196,53.6198,900,50.6683
./75-16-8-q.cnf,2.494,2.03642,4.02796,11.2391,8.96918,59.8221,900,11.2614
./75-16-9-q.cnf,2.76107,2.19468,2.19824,24.472,17.6697,50.7069,900,19.3746
./75-17-1-q.cnf,5.18725,3.49225,11.0988,5.82041,23.0133,69.6677,900,27.5854
./75-17-10-q.cnf,4.5277,3.32235,4.98144,7.25327,2.31576,72.5579,900,3.12534
./75-17-2-q.cnf,4.68858,3.47047,5.9435,15.8418,2.85716,70.1024,900,3.66441
./75-17-3-q.cnf,4.70603,3.47585,6.02405,10.8519,110.578,78.0205,900,110.178
./75-17-4-q.cnf,5.21274,3.77728,10.8467,11.7514,14.8341,66.1433,900,18.8977
./75-17-5-q.cnf,6.45624,4.5152,8.88182,5.7833,22.5301,67.7123,900,22.84
./75-17-6-q.cnf,4.56877,3.27857,5.6081,25.0441,14.6172,66.6464,900,17.3737
./75-17-7-q.cnf,4.18858,3.17482,11.672,28.3452,30.9824,71.3946,900,40.457
./75-17-8-q.cnf,5.88261,4.17383,19.6619,11.7751,17.7728,76.9382,900,21.4437
./75-17-9-q.cnf,5.01672,3.59936,8.74755,31.5815,34.2264,68.3339,900,50.4433
./75-18-1-q.cnf,13.4573,7.49386,50.029,5.82935,26.7378,96.1691,900,32.9405
./75-18-10-q.cnf,16.515,9.17026,67.2103,900,31.4864,89.0943,900,52.362
./75-18-2-q.cnf,18.7209,11.79,68.8047,13.9655,900,87.1964,900,253.525
./75-18-3-q.cnf,20.2228,8.74358,117.243,719.349,900,100.42,900,273.313
./75-18-4-q.cnf,12.5731,7.95535,18.6061,900,5.16894,95.7869,900,6.99013
./75-18-5-q.cnf,13.6546,8.91112,45.2717,137.127,9.49119,86.316,900,14.4286
./75-18-6-q.cnf,18.3865,9.68785,83.2778,14.8617,70.5209,90.7162,900,80.2152
./75-18-7-q.cnf,14.9032,9.8128,28.8121,183.576,37.792,94.769,900,47.1728
./75-18-8-q.cnf,8.83883,6.10531,55.5338,124.552,61.4855,86.5867,900,63.0328
./75-18-9-q.cnf,14.2272,9.1255,9.46965,29.6919,91.6074,86.8772,900,100.076
./75-19-1-q.cnf,51.7857,27.0269,90.1402,348.727,900,115.97,900,172.086
./75-19-10-q.cnf,39.4906,29.2562,87.971,900,900,117.843,900,200.169
./75-19-2-q.cnf,36.0306,23.6397,27.6693,369.999,900,116.625,900,343.143
./75-19-3-q.cnf,54.7492,36.8916,132.926,900,900,127.333,900,314.535
./75-19-4-q.cnf,35.0982,25.202,38.5599,507.502,45.6395,123.996,900,60.3291
./75-19-5-q.cnf,40.6649,29.4162,904,27.0264,63.2753,130.031,900,75.0095
./75-19-6-q.cnf,104.436,60.1281,904,900,900,124.843,900,103.99
./75-19-7-q.cnf,24.9551,17.1135,904,136.085,65.7778,124.534,900,68.9488
./75-19-8-q.cnf,26.0459,17.3858,109.233,143.901,900,119.596,900,268.057
./75-19-9-q.cnf,32.6229,20.5237,75.9146,53.4892,64.4294,117.828,900,76.6713
./75-20-1-q.cnf,130.51,84.0995,198.885,900,900,154.909,900,801.145
./75-20-10-q.cnf,154.035,904,414.687,444.69,92.2821,151.543,900,122.486
./75-20-2-q.cnf,96.0013,47.6116,380.542,900,900,163.601,900,347.175
./75-20-3-q.cnf,61.0805,38.798,904,189.796,900,151.461,900,166.441
./75-20-4-q.cnf,89.333,75.484,904,222.907,84.3474,145.467,900,112.951
./75-20-5-q.cnf,88.6132,54.3106,904,328.685,900,159.051,900,230.785
./75-20-6-q.cnf,79.7534,55.3241,314.576,900,64.2232,142.274,900,108.697
./75-20-7-q.cnf,83.9093,51.5588,904,197.798,900,155.046,900,900
./75-20-8-q.cnf,103.885,87.2063,904,900,900,152.057,900,697.224
./75-20-9-q.cnf,159.705,125.794,195.861,98.7425,62.9709,159.525,900,74.904
./75-21-1-q.cnf,225.978,904,900,900,75.8827,187.656,900,79.7278
./75-21-10-q.cnf,648.638,904,904,900,900,185.379,900,900
./75-21-2-q.cnf,224.629,904,904,265.551,40.5154,187.945,900,75.1023
./75-21-3-q.cnf,386.807,904,904,467.898,900,188.534,900,900
./75-21-4-q.cnf,319.411,904,904,529.1,900,174.103,900,188.745
./75-21-5-q.cnf,300.284,904,904,686.703,113.332,187.807,900,159.463
./75-21-6-q.cnf,440.508,904,904,900,900,191.854,900,702.123
./75-21-7-q.cnf,136.21,133.495,904,900,900,178.225,900,900
./75-21-8-q.cnf,435.159,904,904,189.605,900,191.107,900,282.665
./75-21-9-q.cnf,1.39397,1.27885,16.6837,2.93791,900,900,0.25228,0.00615007
./75-22-1-q.cnf,843.498,904,904,302.632,900,229.162,900,900
./75-22-10-q.cnf,696.779,904,904,900,900,214.717,900,900
./75-22-2-q.cnf,904,904,904,520.843,900,216.102,900,900
./75-22-3-q.cnf,900,904,904,900,900,234.366,900,529.229
./75-22-4-q.cnf,594.743,904,904,900,900,235.46,900,900
./75-22-5-q.cnf,904,904,904,620.179,900,230.183,900,520.885
./75-22-6-q.cnf,904,904,904,146.757,900,217.095,900,900
./75-22-7-q.cnf,904,904,904,900,900,239.286,900,900
./75-22-8-q.cnf,904,904,904,900,900,219.138,900,900
./75-22-9-q.cnf,900,904,904,215.249,900,234.386,900,296.452
./75-23-1-q.cnf,900,900,904,900,900,280.367,900,161.213
./75-23-10-q.cnf,900,904,904,900,900,257.243,900,341.754
./75-23-2-q.cnf,900,904,904,900,900,286.205,900,900
./75-23-3-q.cnf,900,904,904,657.197,900,287.485,900,900
./75-23-4-q.cnf,900,904,904,900,900,298.491,900,900
./75-23-5-q.cnf,904,904,904,900,900,291.698,900,900
./75-23-6-q.cnf,900,904,904,900,900,268.278,900,900
./75-23-7-q.cnf,904,904,904,900,900,283.582,900,900
./75-23-8-q.cnf,900,904,904,402.39,900,268.268,900,331.019
./75-23-9-q.cnf,900,904,904,900,900,287.293,900,900
./75-24-1-q.cnf,900,904,904,900,900,320.313,900,900
./75-24-10-q.cnf,900,904,904,900,900,345.464,900,900
./75-24-2-q.cnf,17.9986,11.2001,904,3.82405,900,900,0.410267,0.0127059
./75-24-3-q.cnf,900,904,904,900,900,318.465,900,900
./75-24-4-q.cnf,900,904,904,900,900,310.089,900,552.817
./75-24-5-q.cnf,904,904,904,900,900,324.213,900,900
./75-24-6-q.cnf,900,904,904,900,900,342.898,900,900
./75-24-7-q.cnf,900,904,904,900,900,314.724,900,539.813
./75-24-8-q.cnf,900,904,904,900,900,340.351,900,356.869
./75-24-9-q.cnf,900,904,904,900,900,338.931,900,900
./75-25-1-q.cnf,904,904,904,900,900,394.433,900,900
./75-25-10-q.cnf,904,904,904,900,900,403.047,900,900
./75-25-2-q.cnf,904,904,904,900,900,403.438,900,900
./75-25-3-q.cnf,904,904,904,900,900,398.877,900,900
./75-25-4-q.cnf,900,904,900,900,900,375.637,900,900
./75-25-5-q.cnf,900,904,904,900,900,365.027,900,900
./75-25-6-q.cnf,904,904,904,900,900,371.278,900,900
./75-25-7-q.cnf,904,904,904,900,900,373.372,900,900
./75-25-8-q.cnf,904,904,904,900,900,401.697,900,900
./75-25-9-q.cnf,900,904,904,900,900,399.168,900,900
./75-26-1-q.cnf,900,904,904,900,900,468.694,900,900
./75-26-10-q.cnf,904,904,904,900,900,470.381,900,900
./75-26-2-q.cnf,904,904,904,900,900,479.827,900,900
./75-26-3-q.cnf,904,904,904,900,900,479.392,900,900
./75-26-4-q.cnf,904,904,904,900,900,463.648,900,754.073
./75-26-5-q.cnf,904,904,904,900,900,444.991,900,900
./75-26-6-q.cnf,900,904,904,900,900,429.352,900,900
./75-26-7-q.cnf,900,904,904,900,900,447.986,900,900
./75-26-8-q.cnf,900,900,904,900,900,474.043,900,900
./75-26-9-q.cnf,900,904,904,900,900,442.356,900,900
./90-10-1-q.cnf,0.766595,0.634979,0.492434,0.641843,0.0377521,6.55465,0.0355939,0.058064
./90-10-10-q.cnf,0.717175,0.622727,0.497312,0.610138,0.0102031,6.6339,0.02334,0.0389
./90-10-2-q.cnf,0.583027,0.520873,0.331396,0.583909,900,900,0.029381,0.00702295
./90-10-3-q.cnf,0.725225,0.631472,0.455759,0.697963,0.0420781,6.44939,0.0370351,0.047117
./90-10-4-q.cnf,0.828404,0.691507,0.49136,0.574058,0.00777897,6.62599,0.0302839,0.023441
./90-10-5-q.cnf,0.707096,0.603595,0.491104,0.580937,0.0351671,6.65835,0.0254281,0.020927
./90-10-6-q.cnf,0.653965,0.566072,0.359814,0.585499,900,900,0.0201249,0.0068779
./90-10-7-q.cnf,0.75453,0.617809,0.507235,0.543291,0.011911,4.29489,0.026057,0.033054
./90-10-8-q.cnf,0.571218,0.509012,0.629558,0.61409,900,900,0.0358109,0.00651789
./90-10-9-q.cnf,0.787783,0.685861,0.463452,0.610354,0.0303919,6.53667,0.0299889,0.0526499
./90-12-1-q.cnf,0.88879,0.78798,0.677986,0.946976,0.0189799,13.0807,0.054291,0.0344099
./90-12-10-q.cnf,0.862452,0.741015,0.620246,0.86866,0.028327,12.9775,0.0401149,0.0679691
./90-12-2-q.cnf,0.900089,0.78454,0.614241,0.985272,0.0389271,13.7882,0.0307549,0.050367
./90-12-3-q.cnf,0.933192,0.819264,0.645155,1.02372,0.020648,12.715,0.109549,0.0377101
./90-12-4-q.cnf,0.84851,0.715855,0.600605,0.922451,0.014763,10.4693,0.0560901,0.0351101
./90-12-5-q.cnf,0.830881,0.750119,0.634162,0.757617,0.015542,12.7691,0.043488,0.02048
./90-12-6-q.cnf,0.946003,0.82479,0.625834,0.817569,0.053515,14.0219,0.135605,0.059646
./90-12-7-q.cnf,0.926812,0.804541,0.651327,0.862675,0.0583061,14.7719,0.206011,0.071133
./90-12-8-q.cnf,0.90454,0.77319,0.623271,0.919222,0.068432,13.5636,0.198795,0.0631999
./90-12-9-q.cnf,0.862906,0.725111,0.433553,0.862382,900,900,0.0462419,0.00637893
./90-14-1-q.cnf,1.16608,0.996698,0.911606,1.23945,0.0908499,25.6826,0.065803,0.160722
./90-14-10-q.cnf,1.24862,4.06666,1.04108,1.29402,0.064197,28.6545,0.119246,0.114522
./90-14-2-q.cnf,1.18968,0.983423,0.946202,1.10556,0.0554769,24.5854,0.0995189,0.0538399
./90-14-3-q.cnf,1.178,1.04768,1.00041,1.27349,0.0459001,25.7207,0.0762129,0.0371449
./90-14-4-q.cnf,0.974036,0.816621,0.681801,1.11568,900,900,0.0297589,0.00634108
./90-14-5-q.cnf,1.26433,1.12995,0.938071,1.5777,0.120773,23.5498,1.28958,0.151487
./90-14-6-q.cnf,1.17864,1.03191,0.990645,1.20955,0.037327,23.7076,0.130377,0.0561661
./90-14-7-q.cnf,1.23264,1.05434,0.959029,0.900166,0.046245,22.6751,0.205053,0.072132
./90-14-8-q.cnf,1.31791,1.09718,0.991454,1.16244,0.0358931,24.6169,0.084325,0.0874831
./90-14-9-q.cnf,1.14578,0.982113,0.817376,1.22552,0.019128,25.8252,0.0653679,0.031484
./90-15-1-q.cnf,1.6359,1.35856,1.89548,1.25717,0.097832,35.3553,0.146071,0.0957029
./90-15-10-q.cnf,1.56526,1.31267,2.92781,1.32415,0.067135,38.9936,0.198371,0.078315
./90-15-2-q.cnf,1.64876,1.41492,1.42622,1.39008,0.478521,36.2763,5.8899,0.580008
./90-15-3-q.cnf,1.61077,1.29913,1.75632,1.61462,0.0995641,39.1288,0.375448,0.123676
./90-15-4-q.cnf,1.46475,1.26342,1.98209,1.20205,0.0390141,35.9344,0.115267,0.0459989
./90-15-5-q.cnf,1.76574,1.47114,1.26896,1.19944,0.060016,40.6345,0.0748859,0.0498551
./90-15-6-q.cnf,1.75137,1.41946,2.03339,1.69788,0.0506301,39.0439,0.174221,0.0675199
./90-15-7-q.cnf,1.79997,1.45578,1.80606,1.24748,0.0226351,35.8759,0.071707,0.039521
./90-15-8-q.cnf,1.58171,1.29003,1.75039,1.48487,0.0512491,36.3333,0.30896,0.06914
./90-15-9-q.cnf,0.627039,0.520184,0.698815,1.29025,900,900,0.056738,0.00670491
./90-16-1-q.cnf,2.85387,2.2205,4.9408,3.99227,0.360258,50.7048,1.48874,0.526788
./90-16-10-q.cnf,2.23095,1.88705,1.66199,1.436,0.0795079,42.239,0.242348,0.0942651
./90-16-2-q.cnf,2.2667,1.79648,1.68617,1.24962,0.0237651,47.8891,0.102697,0.030903
./90-16-3-q.cnf,2.69454,2.08577,1.96823,1.47019,0.129185,50.6055,0.132275,0.15339
./90-16-4-q.cnf,2.2574,1.83683,2.16172,1.91297,0.0930361,56.1872,0.549243,0.15087
./90-16-5-q.cnf,2.6141,1.95364,2.39197,1.35816,0.121173,46.1921,0.196535,0.170279
./90-16-6-q.cnf,2.91982,2.19702,5.74534,1.83942,0.172365,43.7713,0.258327,0.167766
./90-16-7-q.cnf,2.43059,1.90921,3.33956,2.8945,0.172784,44.3097,0.476899,0.24206
./90-16-8-q.cnf,2.21273,1.65344,0.309585,1.25015,900,900,0.0841841,0.00620708
./90-16-9-q.cnf,2.59999,1.98758,2.64483,1.62939,0.156403,55.7639,0.237196,0.215371
./90-17-1-q.cnf,5.90314,4.18347,4.1777,1.28891,0.0620251,71.1953,0.127382,0.0934271
./90-17-10-q.cnf,5.53064,3.95006,7.98724,1.421,0.0416739,65.1035,0.125049,0.0609199
./90-17-2-q.cnf,3.79306,2.6525,13.2327,1.66427,900,900,0.076473,0.00686398
./90-17-3-q.cnf,6.22908,4.35845,66.1594,1.56094,0.0923251,66.9634,0.343406,0.122506
./90-17-4-q.cnf,4.89936,3.48636,18.2071,1.91351,0.54614,65.3916,47.2774,0.697421
./90-17-5-q.cnf,5.82288,4.09643,900,1.43437,0.196454,59.572,0.192499,0.149654
./90-17-6-q.cnf,4.67155,3.47164,3.27849,1.45805,0.137107,54.6953,4.5647,0.201689
./90-17-7-q.cnf,1.49929,1.27683,5.07726,1.64643,900,900,0.109357,0.00728992
./90-17-8-q.cnf,7.39077,5.01239,9.20163,1.69457,0.302049,55.0315,0.370486,0.438523
./90-17-9-q.cnf,7.70821,5.29277,6.56847,1.9403,0.0755289,65.9708,0.409779,0.115241
./90-18-1-q.cnf,17.634,11.3542,13.4945,1.95686,0.591871,85.8632,18.0179,0.790302
./90-18-10-q.cnf,7.36508,5.19653,33.7811,2.14949,0.270183,81.1418,0.567937,0.360719
./90-18-2-q.cnf,14.5066,9.30144,47.8869,2.21588,0.090177,79.6272,0.592401,0.162038
./90-18-3-q.cnf,8.48523,5.68707,32.8847,2.12956,0.114291,91.9957,0.232922,0.133498
./90-18-4-q.cnf,13.3449,7.61709,32.6735,2.05437,0.049008,84.5957,0.290809,0.119248
./90-18-5-q.cnf,14.4239,9.22875,66.6506,3.58422,0.366747,84.2767,8.33901,0.497681
./90-18-6-q.cnf,10.6403,7.0884,7.14271,1.73835,0.213342,67.564,10.9594,0.369806
./90-18-7-q.cnf,18.1558,11.3602,11.6322,8.4458,0.13944,87.198,0.571325,0.219214
./90-18-8-q.cnf,12.1847,7.93768,42.0661,1.89806,0.178219,85.3788,2.09327,0.208686
./90-18-9-q.cnf,13.9836,8.88027,10.7794,1.89261,0.0663,78.4561,0.326161,0.110541
./90-19-1-q.cnf,29.7094,17.8613,90.2631,4.40244,3.93641,108.102,59.437,5.56537
./90-19-10-q.cnf,32.9301,22.6045,331.836,2.32074,0.599871,115.731,87.6649,0.769497
./90-19-2-q.cnf,42.0996,26.676,83.6459,6.4506,0.200978,120.557,62.6091,0.254125
./90-19-3-q.cnf,3.6234,2.93387,1.58387,1.67484,900,900,0.160163,0.00574592
./90-19-4-q.cnf,55.4532,35.8193,142.252,5.62869,0.041023,119.115,0.35865,0.0684431
./90-19-5-q.cnf,6.42599,4.27215,130.81,1.66589,900,900,0.119212,0.00784708
./90-19-6-q.cnf,34.5559,22.3464,192.144,2.82526,0.313724,97.5732,7.09558,0.361066
./90-19-7-q.cnf,47.4268,33.9648,904,4.71733,1.25585,112.889,31.3337,1.66566
./90-19-8-q.cnf,26.5627,15.8671,904,1.96941,0.155059,119.614,0.921543,0.182221
./90-19-9-q.cnf,19.1577,12.8786,0.337533,2.06393,900,900,0.122306,0.0062651
./90-20-1-q.cnf,81.0329,76.7255,83.7739,1.92928,0.201604,134.619,0.597037,0.263502
./90-20-10-q.cnf,94.9599,84.0272,112.726,3.329,0.649358,116.88,6.57266,0.952519
./90-20-2-q.cnf,91.8923,68.8263,904,111.063,0.860288,130.917,198.936,1.49931
./90-20-3-q.cnf,91.5473,88.7679,904,3.17832,1.61882,120.397,4.90376,1.99505
./90-20-4-q.cnf,65.6393,60.0378,904,2.9431,0.72447,126.461,6.45603,0.977477
./90-20-5-q.cnf,86.5539,65.982,904,3.30096,0.402474,139.822,17.9666,0.62017
./90-20-6-q.cnf,66.3062,56.6759,904,2.67473,0.155761,128.279,0.403126,0.093768
./90-20-7-q.cnf,92.4902,73.6969,904,19.6372,0.903301,138.06,258.626,1.7057
./90-20-8-q.cnf,103.007,86.9183,198.722,2.52479,0.413864,145.985,1.0877,0.544243
./90-20-9-q.cnf,92.3074,73.8026,904,1.92567,0.16244,130.319,10.6148,0.25825
./90-21-1-q.cnf,325.836,904,740.361,2.65237,0.208679,176.227,6.24459,0.178333
./90-21-10-q.cnf,178.182,187.787,904,7.03398,2.58533,169.636,900,3.53805
./90-21-2-q.cnf,200.894,219.844,904,4.95563,0.334514,168.741,163.094,0.626389
./90-21-3-q.cnf,272.43,904,904,2.79419,0.381984,139.219,1.11162,0.440227
./90-21-4-q.cnf,4.05554,2.99002,1.37897,1.93059,900,900,0.273976,0.00703903
./90-21-5-q.cnf,545.487,904,904,4.59386,0.242308,172.66,14.861,0.311597
./90-21-6-q.cnf,169.64,180.428,2.24456,2.07015,900,900,0.228157,0.00604093
./90-21-7-q.cnf,281.47,904,904,4.38997,0.945691,142.233,8.96925,1.44696
./90-21-8-q.cnf,2.45694,1.97163,569.553,1.99442,900,900,0.220549,0.0124981
./90-21-9-q.cnf,202.142,904,904,2.70297,2.16977,163.766,49.8272,2.28987
./90-22-1-q.cnf,900,904,904,69.227,0.379988,217.715,10.0986,0.649817
./90-22-10-q.cnf,345.123,380.242,904,5.55745,0.513839,223.419,686.978,0.881538
./90-22-2-q.cnf,678.207,904,904,8.31835,0.808359,211.548,900,1.47031
./90-22-3-q.cnf,840.973,904,904,89.593,0.441294,185.212,105.244,0.697222
./90-22-4-q.cnf,824.285,904,904,5.22154,0.535708,211.378,2.65743,0.896499
./90-22-5-q.cnf,900,904,904,5.53807,1.68013,211.582,900,2.66284
./90-22-6-q.cnf,900,904,900,3.99673,0.129676,216.048,3.72181,0.206033
./90-22-7-q.cnf,900,904,904,5.08107,0.517968,193.467,66.8588,0.831333
./90-22-8-q.cnf,256.371,904,904,2.13842,900,900,0.264684,0.00682295
./90-22-9-q.cnf,718.673,904,390.555,21.2339,2.67629,204.916,79.7445,3.62257
./90-23-1-q.cnf,900,904,904,14.2432,0.831628,252.266,900,1.14529
./90-23-10-q.cnf,900,904,904,9.39275,0.505678,236.935,215.783,0.747141
./90-23-2-q.cnf,900,904,904,23.7171,17.3655,258.992,900,23.0798
./90-23-3-q.cnf,900,900,904,3.68483,0.25748,247.718,2.34525,0.34549
./90-23-4-q.cnf,900,904,900,3.14418,0.061343,250.532,0.516017,0.0806099
./90-23-5-q.cnf,900,904,900,24.5641,0.480034,252.397,900,0.706228
./90-23-6-q.cnf,900,904,904,7.38465,0.337754,231.273,101.758,0.558614
./90-23-7-q.cnf,900,904,904,23.1838,0.801324,269.14,900,1.43529
./90-23-8-q.cnf,904,904,904,4.43678,0.273255,267.254,900,0.427195
./90-23-9-q.cnf,900,904,52.7795,2.53437,900,900,0.278395,0.011162
./90-24-1-q.cnf,900,904,900,2.37957,900,900,0.460132,0.00863196
./90-24-10-q.cnf,900,904,900,7.36313,0.260232,300.651,26.6406,0.39748
./90-24-2-q.cnf,900,904,904,3.42337,0.201921,284.867,4.8152,0.33673
./90-24-3-q.cnf,900,904,904,112.22,0.710813,291.843,265.511,0.967406
./90-24-4-q.cnf,900,900,904,28.537,1.01413,297.495,900,1.78266
./90-24-5-q.cnf,900,904,904,47.1884,0.485558,273.909,497.811,0.730407
./90-24-6-q.cnf,900,904,904,2.77157,900,900,0.333129,0.0084401
./90-24-7-q.cnf,900,904,900,20.8801,2.09741,314.292,900,3.99341
./90-24-8-q.cnf,900,900,904,352.756,0.352869,272.328,1.21022,0.522012
./90-24-9-q.cnf,900,904,900,11.8023,0.8118,294.696,122.208,1.3311
./90-25-1-q.cnf,900,904,904,9.82368,0.777374,359.792,136.55,1.09726
./90-25-10-q.cnf,900,904,904,393.412,0.723392,375.616,900,1.24164
./90-25-2-q.cnf,900,904,904,8.34376,0.255917,362.632,7.82341,0.379108
./90-25-3-q.cnf,900,904,904,352.536,6.34085,373.908,900,10.52
./90-25-4-q.cnf,900,900,904,900,6.56572,350.144,900,9.10171
./90-25-5-q.cnf,900,904,904,51.9327,4.34625,358.805,900,3.88302
./90-25-6-q.cnf,900,900,904,52.5237,0.722256,372.929,900,1.13257
./90-25-7-q.cnf,900,904,904,900,6.18912,392.832,900,14.9463
./90-25-8-q.cnf,900,904,904,900,2.3171,347.524,900,3.72492
./90-25-9-q.cnf,900,904,900,164.857,7.8854,376.391,900,10.7215
./90-26-1-q.cnf,5.48818,4.25337,904,2.95794,900,900,0.534481,0.00968202
./90-26-10-q.cnf,900,904,904,42.8995,3.23684,391.397,900,5.11273
./90-26-2-q.cnf,900,904,904,2.91842,900,900,0.732413,0.00740109
./90-26-3-q.cnf,900,904,904,9.05713,1.59961,420.209,900,2.50468
./90-26-4-q.cnf,900,904,900,14.7845,1.74039,439.249,900,2.65898
./90-26-5-q.cnf,900,904,904,55.8155,0.855221,435.472,900,1.69897
./90-26-6-q.cnf,900,904,900,900,16.2416,436.334,900,18.4335
./90-26-7-q.cnf,637.48,904,900,3.17327,900,900,0.723646,0.00726493
./90-26-8-q.cnf,900,904,904,115.473,14.9194,444.272,900,16.3386
./90-26-9-q.cnf,900,900,0.780275,3.49982,900,900,0.775792,0.0106101
./90-30-1-q.cnf,900,904,900,900,25.6505,807.723,900,55.5559
./90-30-10-q.cnf,900,904,904,747.213,5.68373,760.475,900,6.71127
./90-30-2-q.cnf,900,900,900,256.001,18.7852,814.196,900,28.4841
./90-30-3-q.cnf,900,904,904,489.976,15.3147,814.468,900,20.895
./90-30-4-q.cnf,900,904,900,900,11.4532,754.556,900,16.8038
./90-30-5-q.cnf,900,904,900,900,8.45874,778.628,900,12.1975
./90-30-6-q.cnf,900,900,904,24.3462,9.683,718.25,900,9.67372
./90-30-7-q.cnf,900,900,900,97.2335,13.5506,785.85,900,19.0861
./90-30-8-q.cnf,900,904,904,900,900,770.476,900,259.478
./90-30-9-q.cnf,900,904,904,76.6405,4.0027,766.071,900,7.54987
./90-34-1-q.cnf,900,904,904,900,31.4875,900,900,55.8702
./90-34-10-q.cnf,900,904,900,900,16.0585,900,900,24.9526
./90-34-2-q.cnf,900,904,900,900,26.9472,900,900,42.4021
./90-34-3-q.cnf,900,904,900,900,41.9146,900,900,40.2249
./90-34-4-q.cnf,900,904,904,678.481,10.8354,900,900,15.5517
./90-34-5-q.cnf,900,900,904,900,36.2455,900,900,36.8486
./90-34-6-q.cnf,900,904,900,900,19.1952,900,900,18.7833
./90-34-7-q.cnf,900,904,900,900,900,900,900,900
./90-34-8-q.cnf,900,904,904,4.63904,900,900,3.36673,0.014718
./90-34-9-q.cnf,900,904,904,900,900,900,900,426.375
./90-38-1-q.cnf,902,902,900,900,900,900,900,408.762
./90-38-10-q.cnf,902,902,900,900,900,900,900,418.961
./90-38-2-q.cnf,902,902,904,900,900,900,900,900
./90-38-3-q.cnf,902,902,904,900,900,900,900,900
./90-38-4-q.cnf,900,904,900,900,14.6055,900,900,24.1282
./90-38-5-q.cnf,902,902,904,900,900,900,900,509.446
./90-38-6-q.cnf,902,902,904,900,900,900,900,215.12
./90-38-7-q.cnf,900,900,900,900,900,900,900,900
./90-38-8-q.cnf,900,904,904,900,73.1148,900,900,82.1862
./90-38-9-q.cnf,900,900,904,900,26.5974,900,900,43.1413
./90-42-1-q.cnf,902,902,904,900,900,900,900,277.513
./90-42-10-q.cnf,902,902,904,900,900,900,900,900
./90-42-2-q.cnf,902,902,904,900,900,900,900,286.113
./90-42-3-q.cnf,902,902,904,900,900,900,900,596.013
./90-42-4-q.cnf,902,902,904,900,900,900,900,304.599
./90-42-5-q.cnf,902,902,900,900,900,900,900,330.161
./90-42-6-q.cnf,902,902,904,900,900,900,900,900
./90-42-7-q.cnf,902,902,900,900,900,900,900,819.635
./90-42-8-q.cnf,902,902,904,900,900,900,900,900
./90-42-9-q.cnf,902,902,900,900,900,900,900,900
./90-46-1-q.cnf,902,902,900,900,900,900,900,900
./90-46-10-q.cnf,902,902,904,900,900,900,25.6715,0.0160809
./90-46-2-q.cnf,902,902,904,900,900,900,900,900
./90-46-3-q.cnf,902,902,900,900,900,900,900,900
./90-46-4-q.cnf,902,902,900,900,900,900,900,900
./90-46-5-q.cnf,902,902,904,900,900,900,900,900
./90-46-6-q.cnf,902,902,900,900,900,900,900,858.314
./90-46-7-q.cnf,902,902,900,900,900,900,900,900
./90-46-8-q.cnf,902,902,900,900,900,900,900,900
./90-46-9-q.cnf,902,902,904,900,900,900,900,900
./90-50-1-q.cnf,902,902,904,900,900,900,900,900
./90-50-10-q.cnf,902,902,904,900,900,900,900,900
./90-50-2-q.cnf,902,902,900,900,900,900,39.6013,0.0446959
./90-50-3-q.cnf,902,902,900,900,900,900,900,253.567
./90-50-4-q.cnf,902,902,904,900,900,900,900,900
./90-50-5-q.cnf,902,902,900,900,900,900,900,900
./90-50-6-q.cnf,902,902,900,900,900,900,900,582.886
./90-50-7-q.cnf,902,902,900,900,900,900,49.3059,0.0201829
./90-50-8-q.cnf,902,902,904,900,900,900,900,241.855
./90-50-9-q.cnf,902,902,904,900,900,900,900,900
./log-1.cnf,900,904,904,8.14315,0.0266941,9.9685,0.042684,0.0542709
./log-2.cnf,902,902,904,77.0953,1.31216,74.4918,2.57791,1.98397
./log-3.cnf,902,902,904,55.6554,0.590254,72.9367,2.61961,0.794582
./log-4.cnf,902,902,904,900,4.60974,145.092,14.4878,5.4753
./log-5.cnf,902,902,904,900,33.0464,238.322,109.832,72.3412
./or-100-10-1-UC-10.cnf,32.4336,11.6221,12.5783,900,900,1.17394,389.598,576.672
./or-100-10-1-UC-20.cnf,0.633745,0.514412,0.279139,1.9632,0.699378,0.895475,0.580438,1.0417
./or-100-10-1-UC-30.cnf,0.633529,0.532502,0.26692,1.08594,0.0308519,0.767666,0.0371531,0.0430149
./or-100-10-1-UC-40.cnf,0.53036,0.42503,0.235033,1.35143,0.00722393,0.560894,0.022523,0.020661
./or-100-10-1-UC-50.cnf,0.519558,0.439282,0.242885,1.16749,0.00792694,0.442261,0.0173701,0.0172011
./or-100-10-1-UC-60.cnf,0.537337,0.43911,2.62242,1.29043,0.00867504,0.466043,0.0189979,0.0238881
./or-100-10-1.cnf,904,904,904,900,900,1.46465,900,900
./or-100-10-10-UC-10.cnf,904,904,904,900,900,1.22099,900,900
./or-100-10-10-UC-20.cnf,0.603375,0.49857,0.279611,0.994122,0.168369,0.998483,0.183647,0.206559
./or-100-10-10-UC-30.cnf,0.590806,0.460547,0.244663,1.21826,0.0328559,0.887768,0.043619,0.0653739
./or-100-10-10-UC-40.cnf,0.530347,0.463189,0.224646,1.28709,0.00862895,0.728684,0.0184299,0.0229939
./or-100-10-10-UC-50.cnf,0.596271,0.515584,0.249499,1.35089,0.0267649,0.651999,0.0176169,0.0196981
./or-100-10-10-UC-60.cnf,0.484812,0.423993,0.219376,1.28298,0.00651398,0.517119,0.0173831,0.027916
./or-100-10-10.cnf,904,904,904,900,900,1.36824,900,900
./or-100-10-2-UC-10.cnf,904,904,904,900,900,1.27254,900,900
./or-100-10-2-UC-20.cnf,0.975451,0.663814,0.445426,5.68306,7.61781,1.08782,3.40137,10.0585
./or-100-10-2-UC-30.cnf,0.654649,0.523474,0.315377,1.64665,1.52003,0.926777,1.42755,2.05013
./or-100-10-2-UC-40.cnf,0.552856,0.463737,74.5234,1.20266,0.0110929,0.77168,0.03069,0.0269459
./or-100-10-2-UC-50.cnf,0.503999,0.41827,0.223991,1.14198,0.00801299,0.616738,0.0270309,0.018421
./or-100-10-2-UC-60.cnf,0.501344,0.411362,0.22838,1.33714,0.022267,0.520844,0.0166871,0.020894
./or-100-10-2.cnf,904,904,904,900,900,1.37819,900,900
./or-100-10-3-UC-10.cnf,904,39.1543,61.3816,900,900,1.17492,900,900
./or-100-10-3-UC-20.cnf,1.08941,0.717354,0.447039,41.3772,50.9047,1.0388,94.7053,44.9464
./or-100-10-3-UC-30.cnf,0.629255,0.516101,0.292068,1.44021,0.306716,0.933696,0.226839,0.418911
./or-100-10-3-UC-40.cnf,0.548131,0.467101,0.222439,1.43919,0.031787,0.719168,0.018636,0.0319801
./or-100-10-3-UC-50.cnf,0.521087,0.467048,0.23575,1.0794,0.01047,0.534313,0.0276039,0.0176111
./or-100-10-3-UC-60.cnf,0.508126,0.435471,0.228937,1.09399,0.00788001,0.453791,0.027229,0.025607
./or-100-10-3.cnf,904,904,904,900,900,1.37788,900,900
./or-100-10-4-UC-10.cnf,904,904,904,900,900,1.23283,900,900
./or-100-10-4-UC-20.cnf,2.85149,1.48923,1.22728,155.697,21.2867,1.0777,5.43405,17.3525
./or-100-10-4-UC-30.cnf,0.795647,0.569028,0.331161,3.54703,0.207519,0.887549,0.208906,0.298968
./or-100-10-4-UC-40.cnf,0.599382,0.451188,0.231114,1.33936,0.02318,0.707208,0.0289051,0.0432859
./or-100-10-4-UC-50.cnf,0.505556,0.42144,0.208791,1.43043,0.00810191,0.557724,0.0266079,0.0187471
./or-100-10-4-UC-60.cnf,0.523486,0.436362,0.234688,1.14254,0.0083001,0.422047,0.021391,0.0183009
./or-100-10-4.cnf,904,904,904,900,900,1.41429,900,900
./or-100-10-5-UC-10.cnf,904,904,904,900,900,1.2428,900,900
./or-100-10-5-UC-20.cnf,5.52717,2.54644,2.15593,347.215,20.5103,1.08058,24.1041,24.7528
./or-100-10-5-UC-30.cnf,0.818403,0.601895,0.331966,2.3042,2.01756,0.889596,0.624619,2.41221
./or-100-10-5-UC-40.cnf,0.57254,0.493486,0.253771,1.20749,0.0650959,0.854975,0.086692,0.102259
./or-100-10-5-UC-50.cnf,0.571795,0.478078,0.263887,1.25291,0.0121079,0.739894,0.0215149,0.0280439
./or-100-10-5-UC-60.cnf,0.503098,0.410063,0.208425,1.322,0.00794892,0.487074,0.018947,0.0165461
./or-100-10-5.cnf,904,904,904,900,900,1.41002,900,900
./or-100-10-6-UC-10.cnf,904,904,904,900,900,1.28735,900,900
./or-100-10-6-UC-20.cnf,0.99645,0.675869,2.17053,11.1155,5.43143,1.05724,3.93086,7.94491
./or-100-10-6-UC-30.cnf,0.602874,0.467507,0.294156,1.34094,0.298187,0.882758,0.174977,0.357709
./or-100-10-6-UC-40.cnf,0.580563,0.472002,0.260206,1.31849,0.0169591,0.708568,0.0289229,0.0287619
./or-100-10-6-UC-50.cnf,0.548618,0.454651,0.240436,1.28104,0.00812112,0.549831,0.023263,0.0179851
./or-100-10-6-UC-60.cnf,0.510921,0.400978,0.207337,1.32051,0.0156071,0.535038,0.0170261,0.0232209
./or-100-10-6.cnf,904,904,904,900,900,1.29358,900,900
./or-100-10-7-UC-10.cnf,904,904,904,900,900,1.19452,900,751.982
./or-100-10-7-UC-20.cnf,2.60242,1.4519,1.28977,5.08117,10.6436,1.04837,16.8579,12.0633
./or-100-10-7-UC-30.cnf,0.630418,0.517682,0.300284,1.3131,0.277126,0.915192,0.290599,0.302361
./or-100-10-7-UC-40.cnf,0.570006,0.442737,0.249188,1.37325,0.095603,0.800449,0.079288,0.124773
./or-100-10-7-UC-50.cnf,0.506652,0.42031,0.215804,1.16279,0.00840608,0.650235,0.0188541,0.0398409
./or-100-10-7-UC-60.cnf,0.543362,0.449599,0.237158,1.30758,0.00709908,0.52168,0.026348,0.018243
./or-100-10-7.cnf,904,904,904,900,900,1.3351,900,900
./or-100-10-8-UC-10.cnf,904,45.2512,62.1923,240.583,900,1.17633,599.592,900
./or-100-10-8-UC-20.cnf,0.731809,0.602076,0.339439,7.92861,6.55782,1.08605,2.30073,10.2518
./or-100-10-8-UC-30.cnf,0.641476,0.51765,0.301681,1.98378,0.730837,0.9642,0.598032,1.12627
./or-100-10-8-UC-40.cnf,0.556759,0.476557,0.381808,1.33665,0.0408891,0.82738,0.044879,0.038139
./or-100-10-8-UC-50.cnf,0.570132,0.466388,0.254532,1.28149,0.0205,0.689858,0.020004,0.0267871
./or-100-10-8-UC-60.cnf,0.532366,0.441432,0.232793,1.34538,0.0116861,0.585524,0.027809,0.018078
./or-100-10-8.cnf,904,904,904,900,900,1.49634,900,900
./or-100-10-9-UC-10.cnf,904,904,904,900,900,1.26887,900,900
./or-100-10-9-UC-20.cnf,54.8669,22.2875,43.1344,117.489,95.6452,1.0203,74.9022,104.708
./or-100-10-9-UC-30.cnf,2.01935,1.25082,0.941179,21.608,6.13526,0.938971,2.94338,6.25918
./or-100-10-9-UC-40.cnf,0.815204,0.637961,0.423824,1.82041,0.574491,0.92566,0.73284,0.56367
./or-100-10-9-UC-50.cnf,0.5511,0.457984,0.258909,1.34949,0.0541141,0.742781,0.038923,0.060187
./or-100-10-9-UC-60.cnf,0.543461,0.447846,0.240564,1.2714,0.0266059,0.610695,0.018147,0.0272861
./or-100-10-9.cnf,904,904,904,900,900,1.38462,900,900
./or-100-20-1-UC-10.cnf,904,904,904,900,900,1.27218,900,900
./or-100-20-1-UC-20.cnf,904,904,904,900,900,1.19846,900,900
./or-100-20-1-UC-30.cnf,904,904,904,900,900,1.12046,854.111,900
./or-100-20-1-UC-40.cnf,0.619364,0.471795,0.309927,1.37763,0.352905,0.860128,0.136941,0.451279
./or-100-20-1-UC-50.cnf,0.56474,0.492352,0.259264,1.36843,0.028294,0.653996,0.0289489,0.0343899
./or-100-20-1-UC-60.cnf,0.511045,0.4421,0.233918,1.47115,0.0108271,0.675767,0.0246441,0.019719
./or-100-20-1.cnf,904,904,904,900,900,1.36236,900,900
./or-100-20-10-UC-10.cnf,904,904,904,900,900,1.3779,900,900
./or-100-20-10-UC-20.cnf,904,904,84.5062,153.05,900,1.13399,136.22,67.1227
./or-100-20-10-UC-30.cnf,4.02622,2.18695,1.95752,17.8398,14.9373,0.928522,7.89718,21.3027
./or-100-20-10-UC-40.cnf,2.35137,1.38088,1.10675,10.5298,3.84057,0.911713,2.83733,4.81485
./or-100-20-10-UC-50.cnf,0.566592,0.466701,0.246918,2.52015,0.174083,0.768307,0.142089,0.246912
./or-100-20-10-UC-60.cnf,0.579966,0.471689,0.248266,1.2497,0.080539,0.663559,0.0584701,0.0501099
./or-100-20-10.cnf,904,904,904,900,900,1.39415,900,900
./or-100-20-2-UC-10.cnf,904,904,904,828.78,900,1.12331,869.028,900
./or-100-20-2-UC-20.cnf,58.4707,22.9838,38.5258,302.315,900,1.12377,81.9016,196.629
./or-100-20-2-UC-30.cnf,9.14566,4.84332,4.2962,94.1552,13.7075,0.970719,9.90755,16.1407
./or-100-20-2-UC-40.cnf,0.831525,0.594886,0.360808,1.75859,0.14617,0.767171,0.0588859,0.10448
./or-100-20-2-UC-50.cnf,904,904,904,820.688,900,0.986205,59.0506,70.4712
./or-100-20-2-UC-60.cnf,126.101,904,168.072,168.067,13.013,0.899874,13.0805,8.83019
./or-100-20-2.cnf,904,904,904,900,900,1.30332,900,900
./or-100-20-3-UC-10.cnf,904,904,904,900,900,1.34338,900,900
./or-100-20-3-UC-20.cnf,904,904,904,900,900,1.25096,900,900
./or-100-20-3-UC-30.cnf,23.7583,7.36462,32.8139,876.185,900,1.04075,48.6008,110.49
./or-100-20-3-UC-40.cnf,1.69286,0.97161,1.53862,37.5252,8.21504,1.0286,4.46009,6.78246
./or-100-20-3-UC-50.cnf,0.654226,0.44604,0.241848,1.43319,0.0149681,0.58419,0.01721,0.019567
./or-100-20-3-UC-60.cnf,0.517696,0.441363,0.247285,1.30313,0.00836302,0.52509,0.017425,0.0230689
./or-100-20-3.cnf,904,904,904,900,900,1.4199,900,900
./or-100-20-4-UC-10.cnf,904,904,904,900,900,1.32662,900,900
./or-100-20-4-UC-20.cnf,6.24503,2.87072,10.0301,56.2074,45.1266,1.05457,81.2365,42.2899
./or-100-20-4-UC-30.cnf,904,50.0751,904,261.265,900,1.09337,437.707,166.073
./or-100-20-4-UC-40.cnf,0.81923,0.600743,0.71796,2.66837,2.11773,0.847774,3.12705,2.3552
./or-100-20-4-UC-50.cnf,0.609609,0.482266,0.344037,1.72087,0.182568,0.741213,0.174631,0.279565
./or-100-20-4-UC-60.cnf,0.55915,0.456586,0.250598,1.43783,0.0736879,0.722124,0.0823839,0.071873
./or-100-20-4.cnf,904,904,904,900,900,1.41341,900,900
./or-100-20-5-UC-10.cnf,904,904,904,900,900,1.27255,900,900
./or-100-20-5-UC-20.cnf,42.6708,16.1493,17.7748,900,900,1.14964,642.708,200.676
./or-100-20-5-UC-30.cnf,12.5909,7.15809,6.78379,201.95,13.6385,1.03178,14.0871,8.09382
./or-100-20-5-UC-40.cnf,0.634758,0.489432,0.288973,1.85468,0.323662,0.900053,0.177661,0.343938
./or-100-20-5-UC-50.cnf,0.571845,0.463542,0.256802,1.24045,0.0746311,0.781942,0.035647,0.0909071
./or-100-20-5-UC-60.cnf,0.525782,0.430961,0.215005,1.03616,0.0160761,0.608998,0.0251419,0.0282489
./or-100-20-5.cnf,904,904,904,900,900,1.42242,900,900
./or-100-20-6-UC-10.cnf,904,904,904,900,900,1.30442,900,900
./or-100-20-6-UC-20.cnf,23.1006,12.1672,53.8468,355.469,900,1.13466,167.134,306.019
./or-100-20-6-UC-30.cnf,0.989013,0.737905,0.84482,2.83076,8.20608,0.898003,1.14228,10.5812
./or-100-20-6-UC-40.cnf,0.70694,0.552403,0.373155,4.13826,0.758578,0.820365,0.265965,0.675193
./or-100-20-6-UC-50.cnf,0.556494,0.45874,0.244692,1.27136,0.173923,0.765362,0.066776,0.289822
./or-100-20-6-UC-60.cnf,0.507781,0.411,0.210084,1.35585,0.00779594,0.530396,0.0165931,0.021237
./or-100-20-6.cnf,904,904,904,900,900,1.44,900,900
./or-100-20-7-UC-10.cnf,904,904,904,900,900,1.21047,900,900
./or-100-20-7-UC-20.cnf,97.023,36.426,71.0491,164.255,900,1.13764,510.264,160.697
./or-100-20-7-UC-30.cnf,1.94919,1.13074,1.1157,23.8236,4.32571,0.924033,7.04442,3.9876
./or-100-20-7-UC-40.cnf,1.74937,1.12256,1.21332,8.30507,8.35416,1.0273,3.52952,7.4714
./or-100-20-7-UC-50.cnf,0.654001,0.542605,0.331944,2.11393,0.304198,0.803245,0.210564,0.361296
./or-100-20-7-UC-60.cnf,0.548921,0.474409,0.241296,1.34161,0.0166349,0.715009,0.022699,0.0273109
./or-100-20-7.cnf,904,904,904,900,900,1.34581,900,900
./or-100-20-8-UC-10.cnf,904,904,904,900,900,1.20414,900,900
./or-100-20-8-UC-20.cnf,12.8339,5.7428,6.10094,89.9943,115.749,1.10326,74.2915,118.966
./or-100-20-8-UC-30.cnf,9.55428,5.03591,5.20717,28.613,36.1614,1.05162,30.6008,16.2561
./or-100-20-8-UC-40.cnf,1.38335,0.945302,0.783842,2.33407,2.80453,0.904418,1.32793,2.63521
./or-100-20-8-UC-50.cnf,0.542682,0.44883,0.255978,1.40878,0.069222,0.787423,0.0525509,0.105731
./or-100-20-8-UC-60.cnf,0.536342,0.431542,0.228904,1.23009,0.038608,0.647867,0.0419689,0.0259529
./or-100-20-8.cnf,904,904,904,900,900,1.30201,900,900
./or-100-20-9-UC-10.cnf,904,904,904,900,900,1.24385,900,900
./or-100-20-9-UC-20.cnf,7.79246,3.15351,3.21663,31.1283,900,1.12315,175.067,145.939
./or-100-20-9-UC-30.cnf,0.962928,0.641955,0.416426,31.0536,4.63189,1.00839,4.18907,5.1695
./or-100-20-9-UC-40.cnf,0.529826,0.458216,0.262358,1.36119,0.0859,0.722186,0.0331921,0.0242589
./or-100-20-9-UC-50.cnf,0.534561,0.408223,0.214653,1.17116,0.00836897,0.56531,0.0186299,0.0180709
./or-100-20-9-UC-60.cnf,0.563609,0.459627,0.244807,1.29803,0.040436,0.54708,0.0253109,0.018284
./or-100-20-9.cnf,904,904,904,900,900,1.39812,900,900
./or-100-5-1-UC-10.cnf,4.3968,2.142,1.85892,17.0071,70.3643,1.15531,36.6246,80.7305
./or-100-5-1-UC-20.cnf,0.623272,0.502194,0.277333,1.46696,0.527414,0.872562,0.176877,0.71519
./or-100-5-1-UC-30.cnf,0.535778,0.448168,0.226426,1.18686,0.0267439,0.665001,0.021155,0.0243809
./or-100-5-1-UC-40.cnf,0.508772,0.424161,0.222707,1.20827,0.00712608,0.594596,0.0253531,0.029207
./or-100-5-1-UC-50.cnf,0.501772,0.413386,0.202943,1.40787,0.090075,0.480559,0.0164609,0.023519
./or-100-5-1-UC-60.cnf,0.497861,0.421499,0.234331,1.17112,0.00691109,0.421327,0.02497,0.01719
./or-100-5-1.cnf,904,904,904,900,900,1.26419,900,900
./or-100-5-10-UC-10.cnf,3.59657,1.79941,1.59017,142.041,900,1.15766,339.162,274.626
./or-100-5-10-UC-20.cnf,0.598397,0.497261,0.258804,1.40747,0.615489,0.964429,0.325747,0.760149
./or-100-5-10-UC-30.cnf,0.610778,0.465938,0.264458,1.41211,0.132517,0.712086,0.021416,0.0261129
./or-100-5-10-UC-40.cnf,0.543881,0.439626,0.250923,1.54404,0.00787489,0.539647,0.016849,0.0271889
./or-100-5-10-UC-50.cnf,0.496273,0.409959,0.231577,1.11546,0.00780508,0.469204,0.0234839,0.0256151
./or-100-5-10-UC-60.cnf,0.494729,0.402647,0.212785,1.24869,0.00933106,0.396703,0.026065,0.022319
./or-100-5-10.cnf,904,904,904,900,900,1.50789,900,900
./or-100-5-2-UC-10.cnf,10.1951,4.34755,4.0647,293.072,900,1.24886,900,894.647
./or-100-5-2-UC-20.cnf,0.636375,0.526101,0.29911,2.23076,5.31033,1.05929,2.19261,9.36746
./or-100-5-2-UC-30.cnf,0.612776,0.499187,0.291885,1.32612,0.333175,0.893856,0.121542,0.404632
./or-100-5-2-UC-40.cnf,0.600822,0.496184,0.273522,1.24515,0.0251299,0.714248,0.0230939,0.04622
./or-100-5-2-UC-50.cnf,0.534824,0.418972,0.226259,1.15723,0.00823593,0.62908,0.0236041,0.0259751
./or-100-5-2-UC-60.cnf,0.506307,0.421784,0.212111,0.993021,0.00913496,0.548841,0.0212949,0.0174469
./or-100-5-2.cnf,904,904,904,900,900,1.33932,900,900
./or-100-5-3-UC-10.cnf,0.602792,0.503434,0.283804,1.76207,14.7096,1.07083,1.8045,18.7465
./or-100-5-3-UC-20.cnf,0.595578,0.511419,0.24238,1.27674,0.0313599,0.812022,0.0287341,0.0778111
./or-100-5-3-UC-30.cnf,0.622819,0.520165,0.263674,1.1682,0.021309,0.801798,0.0417249,0.0384119
./or-100-5-3-UC-40.cnf,0.584889,0.489814,0.241669,1.15028,0.055376,0.738085,0.0190151,0.023585
./or-100-5-3-UC-50.cnf,0.548414,0.467041,0.261195,1.23968,0.00784805,0.686648,0.0188511,0.019725
./or-100-5-3-UC-60.cnf,0.49353,0.404853,0.208833,1.27454,0.0116801,0.489515,0.0168241,0.017282
./or-100-5-3.cnf,904,904,904,900,900,1.29928,900,900
./or-100-5-4-UC-10.cnf,43.2561,17.7073,17.0834,426.897,900,1.17032,900,900
./or-100-5-4-UC-20.cnf,21.0286,8.18485,7.71954,167.723,900,1.15805,234.938,371.557
./or-100-5-4-UC-30.cnf,0.631448,0.517764,0.282793,2.68792,0.135546,0.815894,0.116634,0.172406
./or-100-5-4-UC-40.cnf,0.59933,0.489648,0.26317,1.3991,0.017339,0.641312,0.035762,0.0533781
./or-100-5-4-UC-50.cnf,0.494802,0.423605,0.209708,1.31176,0.0082579,0.502398,0.0244969,0.0177551
./or-100-5-4-UC-60.cnf,0.53035,0.432902,0.193917,1.21345,0.00778891,0.462328,0.025971,0.0223271
./or-100-5-4.cnf,904,904,904,900,900,1.36113,900,900
./or-100-5-5-UC-10.cnf,904,904,904,900,900,1.32202,900,900
./or-100-5-5-UC-20.cnf,0.7808,0.585544,1.90803,34.7975,4.40862,1.0584,9.64051,6.29971
./or-100-5-5-UC-30.cnf,0.623971,0.505559,0.294862,1.43248,0.123485,0.925487,0.147713,0.131603
./or-100-5-5-UC-40.cnf,0.566593,0.456617,0.267317,1.43716,0.016044,0.717509,0.022313,0.023775
./or-100-5-5-UC-50.cnf,0.545057,0.466592,0.250662,1.41113,0.00845708,0.667275,0.0219479,0.0272789
./or-100-5-5-UC-60.cnf,0.529035,0.446152,0.250138,1.26765,0.0165039,0.643656,0.024893,0.0183389
./or-100-5-5.cnf,904,904,904,900,900,1.35379,900,900
./or-100-5-6-UC-10.cnf,19.2135,8.12632,8.91575,33.4166,59.1787,1.07937,15.5684,85.7953
./or-100-5-6-UC-20.cnf,0.655563,0.525427,0.266019,1.34391,0.177967,0.898398,0.0438279,0.171045
./or-100-5-6-UC-30.cnf,0.60248,0.487835,0.274585,1.27687,0.0101809,0.724563,0.023983,0.0257851
./or-100-5-6-UC-40.cnf,0.536298,0.469096,0.278836,1.19527,0.00859001,0.60925,0.0335309,0.0209809
./or-100-5-6-UC-50.cnf,0.529764,0.450745,0.234656,1.3531,0.00814402,0.520666,0.0188591,0.024512
./or-100-5-6-UC-60.cnf,0.507221,0.418904,0.212941,1.06684,0.014567,0.519192,0.01629,0.0277119
./or-100-5-6.cnf,904,904,904,900,900,1.35481,900,900
./or-100-5-7-UC-10.cnf,6.13007,2.8154,2.49466,900,900,1.16743,283.836,245.33
./or-100-5-7-UC-20.cnf,1.92667,1.12137,0.836859,10.504,7.62714,0.979862,9.19596,10.9347
./or-100-5-7-UC-30.cnf,0.618659,0.515413,8.50207,2.10283,0.0929381,0.788853,0.0841751,0.10829
./or-100-5-7-UC-40.cnf,0.565046,0.486997,0.25838,1.16995,0.0219619,0.72672,0.0233301,0.0305329
./or-100-5-7-UC-50.cnf,0.554714,0.468862,0.238357,1.23434,0.00818289,0.559779,0.017922,0.0266771
./or-100-5-7-UC-60.cnf,0.539133,0.419316,0.218634,1.31001,0.0307729,0.459062,0.023602,0.0175041
./or-100-5-7.cnf,904,904,904,900,900,1.3581,900,900
./or-100-5-8-UC-10.cnf,904,904,904,900,900,1.30759,900,900
./or-100-5-8-UC-20.cnf,0.695845,0.5415,0.303557,4.70656,1.87027,1.02961,0.752789,2.41394
./or-100-5-8-UC-30.cnf,0.610578,0.497093,0.262872,1.31901,0.114285,0.957755,0.0416879,0.141146
./or-100-5-8-UC-40.cnf,0.548794,0.46295,0.265447,1.134,0.0125779,0.583435,0.0243411,0.0240941
./or-100-5-8-UC-50.cnf,0.507338,0.440147,0.225887,1.29096,0.00907602,0.464987,0.0168951,0.026082
./or-100-5-8-UC-60.cnf,0.506189,0.398307,0.210013,1.09,0.0151959,0.418263,0.016899,0.0246411
./or-100-5-8.cnf,904,904,904,900,900,1.36186,900,900
./or-100-5-9-UC-10.cnf,17.0466,6.14691,6.51824,54.095,900,1.26442,290.108,146.876
./or-100-5-9-UC-20.cnf,0.653921,0.525241,0.297645,4.33145,1.65675,0.936326,3.06736,2.38511
./or-100-5-9-UC-30.cnf,0.60044,0.48102,0.263243,1.25359,0.045581,0.752165,0.0458989,0.028657
./or-100-5-9-UC-40.cnf,0.505635,0.428932,0.227348,1.34651,0.00663994,0.519916,0.0222141,0.0165669
./or-100-5-9-UC-50.cnf,0.525321,0.448542,0.236821,1.2786,0.0077311,0.503821,0.016595,0.0177621
./or-100-5-9-UC-60.cnf,0.513121,0.400938,0.201166,1.41663,0.00780892,0.522065,0.0169319,0.0171969
./or-100-5-9.cnf,904,904,904,900,900,1.39841,900,900
./or-50-10-1-UC-10.cnf,0.517356,0.415168,0.257662,0.959545,1.82401,0.40829,0.652329,1.62007
./or-50-10-1-UC-20.cnf,0.486051,0.36432,0.222242,0.673758,0.010723,0.343853,0.024266,0.0360361
./or-50-10-1-UC-30.cnf,0.466728,0.370565,0.220784,0.6377,0.0158449,0.290588,0.0272899,0.019731
./or-50-10-1-UC-40.cnf,0.453808,0.372122,0.216063,0.705294,0.00626501,0.219899,0.0280899,0.0156119
./or-50-10-1.cnf,2.79533,1.39446,1.30043,5.13263,9.6428,0.481144,7.84193,7.24995
./or-50-10-10-UC-10.cnf,0.50508,0.411584,0.238497,0.745499,0.108021,0.385369,0.0921701,0.110512
./or-50-10-10-UC-20.cnf,0.49593,0.416711,0.21724,0.829502,0.0196601,0.32782,0.026585,0.019365
./or-50-10-10-UC-30.cnf,0.468439,0.405664,0.25297,0.702824,0.0127579,0.278025,0.0186659,0.0164421
./or-50-10-10-UC-40.cnf,0.48408,0.395261,0.228803,0.641937,0.00701691,0.262042,0.0213711,0.0205561
./or-50-10-10.cnf,3.9568,1.79798,1.67875,4.79772,34.3442,0.517548,17.9771,26.2566
./or-50-10-2-UC-10.cnf,0.522323,0.421873,0.253927,0.79414,0.079238,0.409639,0.0436679,0.112381
./or-50-10-2-UC-20.cnf,0.502054,0.387551,0.211608,0.74424,0.00807904,0.402679,0.0185229,0.028664
./or-50-10-2-UC-30.cnf,0.504082,0.39551,0.240917,0.906817,0.0102959,0.276073,0.0243811,0.036195
./or-50-10-2-UC-40.cnf,0.454345,0.378463,0.234274,0.766333,0.0111681,0.251841,0.026006,0.0156461
./or-50-10-2.cnf,0.688554,0.475186,0.327403,2.36609,9.02155,0.496105,2.91167,8.80258
./or-50-10-3-UC-10.cnf,0.48325,0.378678,0.257678,0.836614,0.369622,0.413405,0.166354,0.352931
./or-50-10-3-UC-20.cnf,0.499903,0.396765,0.249346,0.738872,0.189192,0.475078,0.120035,0.190601
./or-50-10-3-UC-30.cnf,0.461002,0.364446,0.240717,0.772981,0.00981509,0.318808,0.0290869,0.0323819
./or-50-10-3-UC-40.cnf,0.469243,0.38628,0.226178,0.647027,0.0226031,0.280061,0.0203499,0.0176979
./or-50-10-3.cnf,1.15144,0.643718,0.626158,2.46173,14.5836,0.491147,13.4694,12.4961
./or-50-10-4-UC-10.cnf,0.530526,0.387265,0.245787,0.792585,1.78294,0.483722,0.367788,2.13047
./or-50-10-4-UC-20.cnf,0.630154,0.404058,0.246073,0.904967,0.0746009,0.434466,0.0576871,0.0825421
./or-50-10-4-UC-30.cnf,0.471416,0.387157,0.20809,0.690155,0.011184,0.387648,0.03351,0.0323551
./or-50-10-4-UC-40.cnf,0.477347,0.37079,0.214435,0.718663,0.0145681,0.387896,0.027519,0.023306
./or-50-10-4.cnf,1.75594,0.916983,0.800996,3.26171,28.9617,0.48455,13.8239,28.8093
./or-50-10-5-UC-10.cnf,0.522279,0.426343,0.254332,0.872322,0.657337,0.444183,0.302213,0.697733
./or-50-10-5-UC-20.cnf,0.499792,0.384659,0.219894,0.963174,0.326736,0.40313,0.191561,0.412519
./or-50-10-5-UC-30.cnf,0.481444,0.418231,0.223269,0.796365,0.171665,0.387831,0.0745541,0.152116
./or-50-10-5-UC-40.cnf,0.475529,0.38254,0.230504,0.754735,0.02358,0.360394,0.0239689,0.0276619
./or-50-10-5.cnf,1.71185,0.874786,0.641526,2.50642,18.8608,0.47116,11.0966,15.8559
./or-50-10-6-UC-10.cnf,0.481285,0.3734,0.231369,0.853124,0.782098,0.391384,0.226163,0.882327
./or-50-10-6-UC-20.cnf,0.497327,0.415844,0.247447,0.76093,0.147383,0.405943,0.043655,0.0908161
./or-50-10-6-UC-30.cnf,0.47492,0.394522,0.24437,0.833642,0.176313,0.431327,0.0720249,0.0555579
./or-50-10-6-UC-40.cnf,0.43763,0.350227,0.213033,0.745525,0.0126611,0.30556,0.028011,0.020194
./or-50-10-6.cnf,3.1263,1.32958,1.26833,3.12162,23.8684,0.505049,12.3243,17.7155
./or-50-10-7-UC-10.cnf,1.56338,0.819787,5.39964,4.5311,7.32662,0.511394,5.11059,5.93406
./or-50-10-7-UC-20.cnf,0.478832,0.368946,0.352411,0.811132,0.129148,0.376819,0.0717099,0.182485
./or-50-10-7-UC-30.cnf,0.475482,0.36902,0.21327,0.677458,0.0182999,0.320328,0.0243989,0.020755
./or-50-10-7-UC-40.cnf,0.428126,0.364364,0.211003,0.751133,0.00798605,0.280526,0.022877,0.0163259
./or-50-10-7.cnf,2.61058,1.20577,10.9173,5.9119,45.6449,0.507818,13.3732,27.4636
./or-50-10-8-UC-10.cnf,0.498181,0.410312,0.256717,0.727453,0.0916891,0.398277,0.067932,0.109295
./or-50-10-8-UC-20.cnf,0.45682,0.379199,0.216013,0.772899,0.00870304,0.296003,0.0169249,0.0177469
./or-50-10-8-UC-30.cnf,0.449357,0.356012,0.196461,0.77505,0.0135571,0.191232,0.0184101,0.014962
./or-50-10-8-UC-40.cnf,0.415755,0.338341,0.178789,0.678669,0.028383,0.171101,0.037654,0.017381
./or-50-10-8.cnf,2.45665,1.15636,2.24854,5.48733,40.5562,0.529384,13.1321,30.0224
./or-50-10-9-UC-10.cnf,0.626312,0.471715,0.330529,0.943789,0.618053,0.464672,0.665139,0.746497
./or-50-10-9-UC-20.cnf,0.487732,0.369423,0.229377,0.844075,0.114604,0.410255,0.147643,0.214943
./or-50-10-9-UC-30.cnf,0.492831,0.393784,0.226301,0.718762,0.01798,0.341747,0.0215389,0.0243081
./or-50-10-9-UC-40.cnf,0.469674,0.378378,0.204091,0.794239,0.011035,0.299618,0.020189,0.0250421
./or-50-10-9.cnf,3.54532,1.49699,1.47682,5.25614,18.0153,0.481372,9.644,11.961
./or-50-20-1-UC-10.cnf,0.99708,0.614744,0.434025,2.00062,9.64141,0.50479,4.14826,7.55256
./or-50-20-1-UC-20.cnf,0.520957,0.433383,0.281041,0.974798,0.216561,0.411279,0.232424,0.215349
./or-50-20-1-UC-30.cnf,0.462767,0.38832,0.230351,0.773161,0.069067,0.343716,0.0421229,0.0553469
./or-50-20-1-UC-40.cnf,0.453241,0.365408,0.21204,0.728847,0.0133171,0.281314,0.019394,0.016883
./or-50-20-1.cnf,2.14685,1.06428,0.885767,5.86369,21.8631,0.465102,15.5575,13.3684
./or-50-20-10-UC-10.cnf,0.588549,0.436428,5.65447,0.901346,0.596249,0.414339,0.485286,0.551477
./or-50-20-10-UC-20.cnf,0.580998,0.439067,6.56964,0.850226,0.396216,0.381428,0.224502,0.254249
./or-50-20-10-UC-30.cnf,0.501223,0.416255,0.486791,0.640516,0.0596509,0.428309,0.067143,0.101309
./or-50-20-10-UC-40.cnf,0.477881,0.418917,0.301186,0.90998,0.136645,0.289866,0.021087,0.0255589
./or-50-20-10.cnf,3.97298,1.68095,42.8217,4.47873,32.3027,0.478232,21.2271,31.8277
./or-50-20-2-UC-10.cnf,1.34374,0.732192,0.838831,2.15525,20.7382,0.48905,5.92929,16.9903
./or-50-20-2-UC-20.cnf,0.502686,0.415601,0.273294,0.783659,1.07436,0.446988,0.480592,1.40965
./or-50-20-2-UC-30.cnf,0.493508,0.410514,0.246606,0.831086,0.104665,0.3563,0.0517039,0.105373
./or-50-20-2-UC-40.cnf,0.473355,0.369362,0.208515,0.856496,0.052743,0.423231,0.0512259,0.0772021
./or-50-20-2.cnf,1.35719,0.759583,0.818088,2.30817,10.6679,0.473151,5.99018,8.01116
./or-50-20-3-UC-10.cnf,0.838889,0.536915,0.394534,1.59931,4.07712,0.440551,2.29847,2.08625
./or-50-20-3-UC-20.cnf,0.487225,0.369128,0.237247,0.6455,0.0306141,0.340779,0.0325019,0.02617
./or-50-20-3-UC-30.cnf,0.634056,0.39116,0.238967,0.632772,0.0234391,0.340068,0.0324051,0.034915
./or-50-20-3-UC-40.cnf,0.485682,0.382429,0.241423,0.617273,0.00766711,0.34088,0.02308,0.025088
./or-50-20-3.cnf,1.72545,0.917415,0.810694,3.4838,15.5976,0.472942,5.86306,15.7237
./or-50-20-4-UC-10.cnf,0.471742,0.377055,0.234391,0.730477,0.230209,0.437151,0.116575,0.243032
./or-50-20-4-UC-20.cnf,0.506907,0.391992,0.246053,0.784916,0.099719,0.426909,0.0437291,0.121861
./or-50-20-4-UC-30.cnf,0.462957,0.376586,0.215746,0.755155,0.0911411,0.417438,0.0674121,0.100315
./or-50-20-4-UC-40.cnf,0.480327,0.391972,0.235118,0.722044,0.055441,0.37862,0.0432249,0.041414
./or-50-20-4.cnf,0.72162,0.486469,0.3759,1.69143,4.57329,0.515197,2.71562,2.5679
./or-50-20-5-UC-10.cnf,0.557849,0.422959,0.262707,1.08562,1.4856,0.462885,0.680363,1.41709
./or-50-20-5-UC-20.cnf,0.503789,0.41485,0.271291,1.05701,0.686356,0.450175,0.328245,0.834348
./or-50-20-5-UC-30.cnf,0.443214,0.378837,0.226969,0.721003,0.0689441,0.36456,0.0468851,0.079946
./or-50-20-5-UC-40.cnf,0.467352,0.398365,0.23348,0.741634,0.031522,0.336619,0.0326959,0.047522
./or-50-20-5.cnf,4.46014,2.04484,1.89694,8.63472,20.8566,0.503815,13.946,17.1502
./or-50-20-6-UC-10.cnf,0.537003,0.413789,0.258521,0.876299,1.64941,0.471955,0.895451,1.34077
./or-50-20-6-UC-20.cnf,0.443858,0.376339,0.212952,0.744923,0.115903,0.414478,0.124639,0.139139
./or-50-20-6-UC-30.cnf,0.485718,0.39983,0.241709,0.744735,0.0159919,0.336134,0.031953,0.029302
./or-50-20-6-UC-40.cnf,0.432797,0.353804,0.201796,0.784956,0.0087089,0.267108,0.0297309,0.0164801
./or-50-20-6.cnf,1.19666,0.695769,0.542527,3.0697,9.05735,0.495808,13.0014,7.77845
./or-50-20-7-UC-10.cnf,0.511745,0.394529,0.250867,0.784944,0.667362,0.425872,0.425115,0.899188
./or-50-20-7-UC-20.cnf,0.477236,0.388826,0.235767,0.817662,0.210744,0.38936,0.104748,0.0905861
./or-50-20-7-UC-30.cnf,0.485093,0.363163,0.223838,0.626894,0.0297301,0.368449,0.058289,0.042886
./or-50-20-7-UC-40.cnf,0.462628,0.363487,0.212635,0.73277,0.0152481,0.333741,0.0247179,0.0198269
./or-50-20-7.cnf,4.60886,2.07462,2.01404,5.93201,29.2407,0.470888,14.3307,28.8085
./or-50-20-8-UC-10.cnf,0.519829,0.406611,0.240404,0.720413,0.19517,0.50097,0.202027,0.226525
./or-50-20-8-UC-20.cnf,0.475991,0.378983,0.229935,0.725105,0.0822251,0.402509,0.079561,0.0651621
./or-50-20-8-UC-30.cnf,0.453141,0.349614,0.203671,0.730063,0.015063,0.313165,0.026801,0.020139
./or-50-20-8-UC-40.cnf,0.487421,0.387784,0.238729,0.757998,0.0141359,0.279478,0.021914,0.027263
./or-50-20-8.cnf,2.04166,1.04781,2.00088,3.53112,30.4523,0.496211,16.3111,23.5928
./or-50-20-9-UC-10.cnf,1.52389,0.90028,0.677598,1.6677,3.90939,0.42941,1.49128,3.10243
./or-50-20-9-UC-20.cnf,0.454347,0.371516,0.228379,0.676951,0.0537821,0.410976,0.0460031,0.0508691
./or-50-20-9-UC-30.cnf,0.443227,0.363192,0.330358,0.648595,0.0154389,0.349474,0.021084,0.024434
./or-50-20-9-UC-40.cnf,0.470545,0.379758,0.238078,0.704374,0.00815789,0.340018,0.026357,0.0207449
./or-50-20-9.cnf,5.01206,2.25725,2.25634,5.6706,20.9781,0.481649,10.962,13.1822
./or-50-5-1-UC-10.cnf,0.485302,0.381268,0.242542,0.814347,0.376015,0.482121,0.313762,0.516968
./or-50-5-1-UC-20.cnf,0.44897,0.362036,0.208773,0.78855,0.0878079,0.331365,0.0297559,0.0615439
./or-50-5-1-UC-30.cnf,0.4303,0.359101,0.204744,0.816388,0.00764307,0.280275,0.0203941,0.0152461
./or-50-5-1-UC-40.cnf,0.442412,0.36515,0.222468,0.704608,0.00780393,0.211843,0.016511,0.018533
./or-50-5-1.cnf,0.798734,0.519025,0.378519,2.03801,12.6225,0.473522,6.39631,10.8687
./or-50-5-10-UC-10.cnf,0.527208,0.374881,0.241442,0.576437,0.144606,0.406439,0.0712621,0.158777
./or-50-5-10-UC-20.cnf,0.488169,0.410443,0.233135,0.691251,0.0210191,0.329236,0.0204881,0.0377391
./or-50-5-10-UC-30.cnf,0.469362,0.388806,0.224012,0.715438,0.00745298,0.286882,0.01903,0.014683
./or-50-5-10-UC-40.cnf,0.433649,0.334635,0.191459,0.799091,0.0077931,0.227746,0.016009,0.014929
./or-50-5-10.cnf,1.46439,0.799352,1.12687,2.49225,12.5599,0.517574,7.00462,12.2722
./or-50-5-2-UC-10.cnf,0.797076,0.530514,0.851263,1.7946,10.2563,0.459678,2.02706,9.46678
./or-50-5-2-UC-20.cnf,0.470693,0.395984,0.224048,0.922903,0.16004,0.436898,0.073366,0.292798
./or-50-5-2-UC-30.cnf,0.480586,0.378931,0.231297,0.738365,0.00805997,0.262429,0.0256661,0.0296441
./or-50-5-2-UC-40.cnf,0.429199,0.345807,0.204277,0.774925,0.0265499,0.244511,0.0164249,0.030701
./or-50-5-2.cnf,8.29326,3.4312,12.7305,22.6416,900,0.534766,34.1328,71.7454
./or-50-5-3-UC-10.cnf,0.447224,0.390768,0.231889,0.804853,0.055895,0.36612,0.0478891,0.0404779
./or-50-5-3-UC-20.cnf,0.471984,0.400543,0.227484,0.671289,0.00809396,0.29261,0.0276989,0.0229009
./or-50-5-3-UC-30.cnf,0.500101,0.401186,0.231864,0.767981,0.0141671,0.242337,0.017652,0.0201331
./or-50-5-3-UC-40.cnf,0.487283,0.385491,0.228192,0.735686,0.0082451,0.293596,0.0199569,0.0178349
./or-50-5-3.cnf,1.93377,0.916578,1.23672,3.09833,13.3651,0.500578,7.06958,11.0113
./or-50-5-4-UC-10.cnf,0.596435,0.454744,0.297568,1.04637,8.61832,0.464996,2.30442,7.77542
./or-50-5-4-UC-20.cnf,0.545683,0.423329,0.264184,1.20263,0.842472,0.486154,0.623341,0.716591
./or-50-5-4-UC-30.cnf,0.471136,0.400281,0.202599,0.882267,0.070752,0.374785,0.0310401,0.080093
./or-50-5-4-UC-40.cnf,0.522521,0.411051,0.239056,0.777336,0.0143089,0.33547,0.0190371,0.0232479
./or-50-5-4.cnf,1.79234,0.960806,0.789817,4.50514,13.6826,0.49214,14.674,7.42991
./or-50-5-5-UC-10.cnf,0.68664,0.488901,0.392019,2.25545,4.97883,0.455951,3.16609,3.22617
./or-50-5-5-UC-20.cnf,0.520834,0.432948,0.21868,0.733545,0.0771251,0.406491,0.109633,0.13602
./or-50-5-5-UC-30.cnf,0.488492,0.385327,0.232131,0.784367,0.00807799,0.33472,0.016775,0.0168569
./or-50-5-5-UC-40.cnf,0.448098,0.349628,0.218906,0.666307,0.0137289,0.208805,0.020916,0.0159521
./or-50-5-5.cnf,1.78521,0.936009,1.51865,4.47018,23.0127,0.478878,12.3695,22.2226
./or-50-5-6-UC-10.cnf,0.500639,0.400219,0.2388,0.837605,0.041208,0.409609,0.0383069,0.084476
./or-50-5-6-UC-20.cnf,0.502066,0.38592,0.226604,0.86529,0.0115329,0.395507,0.024568,0.0191411
./or-50-5-6-UC-30.cnf,0.461392,0.372856,0.228041,0.667255,0.00753605,0.242506,0.0172039,0.0187461
./or-50-5-6-UC-40.cnf,0.450828,0.353272,0.241216,0.759796,0.014366,0.19239,0.025671,0.016169
./or-50-5-6.cnf,3.08727,1.48459,1.91041,10.4596,25.0241,0.470375,10.5663,21.0624
./or-50-5-7-UC-10.cnf,0.616865,0.435593,0.286619,1.42822,3.80632,0.494257,1.71241,3.65395
./or-50-5-7-UC-20.cnf,0.517493,0.40409,0.235104,0.703806,0.0376849,0.397726,0.0262591,0.0668289
./or-50-5-7-UC-30.cnf,0.487278,0.422789,0.242499,0.81457,0.0237231,0.30589,0.0194109,0.0263579
./or-50-5-7-UC-40.cnf,0.441785,0.363872,0.206452,0.806717,0.00792898,0.301104,0.020418,0.0237041
./or-50-5-7.cnf,4.2494,1.86262,1.67841,7.1493,23.5793,0.478349,26.6315,16.1155
./or-50-5-8-UC-10.cnf,0.529806,0.436579,0.284841,0.869259,1.01345,0.41573,0.814111,1.11325
./or-50-5-8-UC-20.cnf,0.453773,0.373784,0.23057,0.823186,0.068721,0.368736,0.0429719,0.0669269
./or-50-5-8-UC-30.cnf,0.463124,0.392681,0.232605,0.747941,0.0148541,0.253865,0.0219469,0.0174041
./or-50-5-8-UC-40.cnf,0.445685,0.384928,0.230171,0.724883,0.0103549,0.292419,0.017607,0.0222841
./or-50-5-8.cnf,3.53493,1.63997,1.91507,3.9449,46.1636,0.466195,25.8794,37.642
./or-50-5-9-UC-10.cnf,0.528263,0.41306,0.383749,0.883187,0.534848,0.430593,0.310854,0.477403
./or-50-5-9-UC-20.cnf,0.487689,0.384282,0.252089,0.67628,0.102624,0.429411,0.0994031,0.1028
./or-50-5-9-UC-30.cnf,0.49234,0.406349,0.241096,0.672341,0.0234669,0.283556,0.0265451,0.029295
./or-50-5-9-UC-40.cnf,0.476984,0.387608,0.227542,0.70071,0.015478,0.2216,0.0208681,0.0194771
./or-50-5-9.cnf,2.77142,1.35082,3.47826,4.78115,53.8071,0.457887,9.94803,49.1
./or-60-10-1-UC-10.cnf,1.84375,0.910818,0.87337,4.12836,9.21402,0.796476,13.9665,10.0664
./or-60-10-1-UC-20.cnf,0.676566,0.482544,0.310165,2.04422,1.42967,0.6731,1.25222,1.68309
./or-60-10-1-UC-30.cnf,0.486247,0.38621,0.240789,0.841639,0.34869,0.563045,0.113414,0.194741
./or-60-10-1-UC-40.cnf,0.46112,0.386737,0.216509,0.819645,0.051115,0.54746,0.0620329,0.064093
./or-60-10-1.cnf,904,24.8934,42.0673,89.2339,900,0.750792,329.8,350.376
./or-60-10-10-UC-10.cnf,1.5609,0.822578,0.659939,7.72804,14.3237,0.675555,7.08719,17.3069
./or-60-10-10-UC-20.cnf,0.543238,0.431297,0.267398,0.715288,0.0610591,0.638739,0.0845569,0.0703251
./or-60-10-10-UC-30.cnf,0.509554,0.40962,0.260154,0.806166,0.0155779,0.49123,0.0187949,0.035206
./or-60-10-10-UC-40.cnf,0.489215,0.403139,0.243409,0.787363,0.00790296,0.430562,0.0191701,0.0180351
./or-60-10-10.cnf,5.9741,2.50862,2.28112,20.6201,85.4617,0.781671,63.5902,69.2676
./or-60-10-2-UC-10.cnf,0.691327,0.498576,0.333373,4.9868,3.41995,0.728409,1.75018,2.64905
./or-60-10-2-UC-20.cnf,0.546069,0.436028,0.248965,1.50888,0.962783,0.565986,0.302706,0.977205
./or-60-10-2-UC-30.cnf,0.476118,0.388105,0.228179,0.756643,0.00810798,0.482093,0.0288721,0.016748
./or-60-10-2-UC-40.cnf,0.494499,0.410853,0.225495,0.845772,0.00786305,0.42221,0.0211059,0.0175079
./or-60-10-2.cnf,11.9204,4.92586,4.85411,61.0864,900,0.780435,95.856,127.969
./or-60-10-3-UC-10.cnf,2.52645,1.17531,0.973396,5.10429,31.6381,0.733517,18.8708,23.9753
./or-60-10-3-UC-20.cnf,0.544488,0.440269,0.285378,1.31069,0.88207,0.60671,0.755397,0.949756
./or-60-10-3-UC-30.cnf,0.524329,0.408346,0.25664,0.87544,0.118323,0.586991,0.100665,0.100029
./or-60-10-3-UC-40.cnf,0.50734,0.395444,0.242345,0.751172,0.141235,0.531264,0.0409931,0.101329
./or-60-10-3.cnf,27.7445,10.4219,10.5469,23.1032,900,0.790313,215.142,217.389
./or-60-10-4-UC-10.cnf,0.589475,0.447649,0.278879,1.58857,2.19461,0.659146,0.779646,2.16955
./or-60-10-4-UC-20.cnf,0.546015,0.43741,0.264057,0.721793,0.0227349,0.594034,0.02459,0.0394009
./or-60-10-4-UC-30.cnf,0.474234,0.409175,0.204788,0.81569,0.039138,0.439441,0.0169059,0.0214171
./or-60-10-4-UC-40.cnf,0.492521,0.395181,0.231645,0.793562,0.00764789,0.476718,0.0237639,0.025691
./or-60-10-4.cnf,904,35.5278,74.7403,47.9492,900,0.754281,160.476,185.947
./or-60-10-5-UC-10.cnf,0.516821,0.409919,0.248615,1.48014,0.622412,0.649845,0.305776,0.627918
./or-60-10-5-UC-20.cnf,0.532212,0.426062,0.250468,0.805426,0.0174979,0.599894,0.0267219,0.0436251
./or-60-10-5-UC-30.cnf,0.517923,0.40291,0.261632,0.872391,0.021557,0.542996,0.0217719,0.0324179
./or-60-10-5-UC-40.cnf,0.459232,0.376086,0.204669,0.745599,0.00776795,0.446933,0.0214531,0.0223521
./or-60-10-5.cnf,12.2662,4.79766,4.50525,33.0297,900,0.753484,67.7299,174.734
./or-60-10-6-UC-10.cnf,3.02381,1.36716,1.33756,4.37261,23.7747,0.681909,11.125,13.9524
./or-60-10-6-UC-20.cnf,0.519247,0.431915,0.252826,0.936293,0.048153,0.527482,0.0510539,0.072032
./or-60-10-6-UC-30.cnf,0.494621,0.419262,0.231105,0.696774,0.0153291,0.525432,0.0295621,0.028979
./or-60-10-6-UC-40.cnf,0.529024,0.414309,0.248949,0.771275,0.00739696,0.461153,0.025168,0.0169141
./or-60-10-6.cnf,20.4057,7.85972,7.98777,50.5133,900,0.721295,65.5946,192.57
./or-60-10-7-UC-10.cnf,0.546422,0.437267,0.251375,1.27657,1.77991,0.693912,0.654165,2.4553
./or-60-10-7-UC-20.cnf,0.489383,0.38924,0.223233,0.80739,0.0741329,0.611778,0.0388571,0.108349
./or-60-10-7-UC-30.cnf,0.478007,0.386323,0.235466,0.870575,0.0114881,0.497978,0.023842,0.0411821
./or-60-10-7-UC-40.cnf,0.494781,0.408118,0.229332,0.722529,0.00809111,0.380357,0.0166609,0.0159171
./or-60-10-7.cnf,904,11.6305,15.6319,63.9208,900,0.763319,208.356,294.862
./or-60-10-8-UC-10.cnf,0.538776,0.42949,0.25096,0.748665,0.237286,0.60598,0.136913,0.233496
./or-60-10-8-UC-20.cnf,0.531043,0.440446,0.240537,0.778202,0.164077,0.563306,0.082025,0.166758
./or-60-10-8-UC-30.cnf,0.505006,0.428426,0.231896,0.720294,0.0174719,0.582816,0.022611,0.0272331
./or-60-10-8-UC-40.cnf,0.495413,0.434776,0.230914,0.839361,0.012731,0.365221,0.0162649,0.0248799
./or-60-10-8.cnf,904,22.5495,30.8062,102.749,900,0.776067,156.856,302.73
./or-60-10-9-UC-10.cnf,0.547743,0.42931,0.250382,0.911556,0.986812,0.611162,0.244926,1.17717
./or-60-10-9-UC-20.cnf,0.485306,0.408437,0.233528,0.799412,0.022517,0.589268,0.0297859,0.0372771
./or-60-10-9-UC-30.cnf,0.459244,0.387521,0.207957,0.810214,0.0202351,0.406201,0.0193619,0.0160299
./or-60-10-9-UC-40.cnf,0.449141,0.381117,0.209784,0.898101,0.00793892,0.407643,0.0241121,0.030629
./or-60-10-9.cnf,904,904,170.04,60.003,900,0.723078,194.63,476.305
./or-60-20-1-UC-10.cnf,2.31472,1.30379,2.12519,7.369,20.9436,0.735095,7.1819,16.2342
./or-60-20-1-UC-20.cnf,0.506823,0.394499,0.225992,0.902471,0.124759,0.585785,0.10131,0.152213
./or-60-20-1-UC-30.cnf,0.489661,0.39139,0.231646,0.812756,0.025812,0.521766,0.0393169,0.050272
./or-60-20-1-UC-40.cnf,0.478357,0.377845,0.217505,0.767752,0.048393,0.501372,0.0217591,0.0448701
./or-60-20-1.cnf,6.5702,2.94018,7.55051,25.5874,113.663,0.720404,46.4659,70.1459
./or-60-20-10-UC-10.cnf,0.832473,0.52763,0.390801,2.28157,30.7762,0.761011,8.67983,29.0858
./or-60-20-10-UC-20.cnf,0.521521,0.405967,0.262051,1.05759,3.55802,0.608826,1.41303,3.70422
./or-60-20-10-UC-30.cnf,0.51832,0.409792,0.25875,0.988,0.141887,0.650453,0.0951109,0.0820411
./or-60-20-10-UC-40.cnf,0.479091,0.412105,0.228713,0.875204,0.0682541,0.490963,0.036141,0.0534241
./or-60-20-10.cnf,5.50917,2.42052,2.23845,26.0615,900,0.738133,124.307,171.336
./or-60-20-2-UC-10.cnf,3.0235,1.45566,1.27411,6.22638,25.5465,0.666914,14.5606,12.2751
./or-60-20-2-UC-20.cnf,0.506254,0.394196,0.229754,0.913356,0.384601,0.612412,0.280006,0.244116
./or-60-20-2-UC-30.cnf,0.496888,0.41277,0.237954,0.832609,0.0103491,0.441016,0.0235421,0.032013
./or-60-20-2-UC-40.cnf,0.506674,0.424033,0.228415,0.871064,0.0266701,0.40999,0.026591,0.0241589
./or-60-20-2.cnf,31.5801,10.805,11.5899,72.4661,900,0.818438,132.508,84.9771
./or-60-20-3-UC-10.cnf,0.538542,0.418777,0.257217,0.803975,0.537101,0.668675,0.321994,0.526589
./or-60-20-3-UC-20.cnf,0.518371,0.414482,0.2459,0.666885,0.0989291,0.608405,0.0946711,0.155451
./or-60-20-3-UC-30.cnf,0.486898,0.402423,0.24761,0.70687,0.0713969,0.539048,0.0579721,0.087622
./or-60-20-3-UC-40.cnf,0.513109,0.405062,0.237284,1.00559,0.0171541,0.528153,0.030766,0.0366299
./or-60-20-3.cnf,5.08697,2.3747,1.98131,11.702,104.064,0.786958,85.3245,86.1602
./or-60-20-4-UC-10.cnf,2.91892,1.48058,1.63697,31.4736,31.3131,0.720548,17.3806,27.4902
./or-60-20-4-UC-20.cnf,0.778106,0.544935,0.486526,1.71202,5.5535,0.655924,2.16568,6.09077
./or-60-20-4-UC-30.cnf,0.585515,0.457008,0.29434,1.20477,0.8436,0.634061,0.326115,0.737907
./or-60-20-4-UC-40.cnf,0.589462,0.465206,0.30264,0.929963,0.354225,0.569169,0.193562,0.297343
./or-60-20-4.cnf,17.1141,7.1465,8.38046,37.46,900,0.779155,59.3998,232.528
./or-60-20-5-UC-10.cnf,3.59921,1.74356,2.74931,80.2297,75.3645,0.697687,29.8607,67.7271
./or-60-20-5-UC-20.cnf,3.50056,1.75861,2.7813,43.2874,35.0035,0.70053,37.4148,28.532
./or-60-20-5-UC-30.cnf,0.669553,0.512659,0.372741,5.19462,2.24352,0.630213,1.28519,2.34627
./or-60-20-5-UC-40.cnf,0.481494,0.396067,0.230576,1.0606,0.106445,0.555496,0.0550341,0.123138
./or-60-20-5.cnf,16.8633,6.84586,11.7842,68.6838,900,0.750932,85.6196,95.9541
./or-60-20-6-UC-10.cnf,6.18636,2.59082,2.60338,31.6885,74.5796,0.718568,35.2886,66.0524
./or-60-20-6-UC-20.cnf,0.764735,0.533391,0.35527,2.07443,16.5292,0.638539,3.47633,17.674
./or-60-20-6-UC-30.cnf,0.517332,0.413333,0.263554,1.17789,1.02644,0.599836,0.658423,0.990662
./or-60-20-6-UC-40.cnf,0.508777,0.402,0.240025,1.10971,0.377522,0.553193,0.219812,0.369174
./or-60-20-6.cnf,26.7852,8.64777,10.4193,78.5322,900,0.793181,108.555,140.597
./or-60-20-7-UC-10.cnf,1.29136,0.768765,0.554607,6.3349,45.9754,0.706775,20.5509,19.1788
./or-60-20-7-UC-20.cnf,1.25822,0.75344,0.562456,3.78497,23.6798,0.614254,7.53404,18.9352
./or-60-20-7-UC-30.cnf,0.555735,0.425913,0.270414,1.01779,0.419039,0.625186,0.304311,0.508617
./or-60-20-7-UC-40.cnf,0.491416,0.408126,0.235542,0.836383,0.0254819,0.476554,0.0291441,0.0273129
./or-60-20-7.cnf,20.1677,8.35382,7.74288,51.1384,900,0.757573,192.032,363.78
./or-60-20-8-UC-10.cnf,0.682588,0.508969,0.346755,2.85957,6.16444,0.720906,2.46382,5.0902
./or-60-20-8-UC-20.cnf,0.495083,0.392299,0.216219,0.763219,0.0586161,0.579661,0.0514529,0.050681
./or-60-20-8-UC-30.cnf,0.516026,0.438568,0.24561,0.868089,0.011743,0.519097,0.0178231,0.0228769
./or-60-20-8-UC-40.cnf,0.493657,0.405245,0.23352,0.763943,0.00796108,0.34817,0.0261351,0.0149279
./or-60-20-8.cnf,10.9137,4.3384,4.06046,39.906,57.5871,0.751959,45.7768,34.1175
./or-60-20-9-UC-10.cnf,0.625306,0.446833,0.287643,3.18132,2.79364,0.766385,0.949616,2.95896
./or-60-20-9-UC-20.cnf,0.523804,0.431101,0.245524,0.772201,0.0318401,0.555874,0.0254509,0.0508699
./or-60-20-9-UC-30.cnf,0.462979,0.383418,0.211423,0.904237,0.00938694,0.467424,0.026754,0.0178381
./or-60-20-9-UC-40.cnf,0.478714,0.401869,0.229741,0.794212,0.017229,0.451358,0.02368,0.021362
./or-60-20-9.cnf,904,23.1623,25.6501,158.288,900,0.773811,129.221,223.922
./or-60-5-1-UC-10.cnf,0.527827,0.40667,0.257169,0.903248,0.27442,0.638314,0.132363,0.344203
./or-60-5-1-UC-20.cnf,0.476363,0.380538,0.227032,0.824058,0.17492,0.581678,0.0684869,0.204794
./or-60-5-1-UC-30.cnf,0.494071,0.403473,0.239169,0.751163,0.073607,0.522262,0.030363,0.033656
./or-60-5-1-UC-40.cnf,0.490738,0.376762,0.20103,0.903696,0.0192419,0.397937,0.0195021,0.021883
./or-60-5-1.cnf,13.5883,5.65575,5.4553,105.713,900,0.766705,243.285,379.015
./or-60-5-10-UC-10.cnf,0.570754,0.443023,0.322076,0.917662,0.207845,0.674919,0.1732,0.334134
./or-60-5-10-UC-20.cnf,0.539707,0.437173,0.2699,0.890658,0.061007,0.584681,0.0831629,0.112156
./or-60-5-10-UC-30.cnf,0.499918,0.391169,0.228947,0.931598,0.00812591,0.485863,0.017517,0.0279851
./or-60-5-10-UC-40.cnf,0.43028,0.338655,0.187512,0.773714,0.00780589,0.396385,0.0166599,0.0205269
./or-60-5-10.cnf,904,22.876,134.193,45.3447,900,0.761608,142.636,286.953
./or-60-5-2-UC-10.cnf,0.538242,0.425662,0.254591,1.28778,0.689195,0.660858,0.542087,0.684627
./or-60-5-2-UC-20.cnf,0.519633,0.428233,0.256539,0.845385,0.092241,0.629968,0.0513721,0.0572549
./or-60-5-2-UC-30.cnf,0.524795,0.431595,0.254118,0.816691,0.012579,0.546087,0.021246,0.0305
./or-60-5-2-UC-40.cnf,0.467572,0.37206,0.205693,0.874527,0.00780802,0.424394,0.016641,0.015658
./or-60-5-2.cnf,14.8694,6.26209,5.90546,28.2898,900,0.752837,83.1986,143.173
./or-60-5-3-UC-10.cnf,3.97178,1.82319,2.19585,3.01993,19.0231,0.685018,10.9103,18.3548
./or-60-5-3-UC-20.cnf,0.602579,0.468081,0.326943,1.1626,0.763601,0.671703,0.387623,0.771415
./or-60-5-3-UC-30.cnf,0.464429,0.386153,0.220176,0.793566,0.00813804,0.425921,0.0274931,0.0209431
./or-60-5-3-UC-40.cnf,0.497878,0.393134,0.214186,0.864635,0.009101,0.349038,0.0231661,0.016934
./or-60-5-3.cnf,26.522,9.78136,15.2226,28.9906,900,0.766093,140.16,105.397
./or-60-5-4-UC-10.cnf,0.482848,0.391529,0.23117,0.692025,0.130405,0.590257,0.094865,0.143519
./or-60-5-4-UC-20.cnf,0.502536,0.40077,0.232019,0.702118,0.00781612,0.536343,0.025338,0.0180281
./or-60-5-4-UC-30.cnf,0.444192,0.364528,0.213714,0.773842,0.00786408,0.366543,0.0202421,0.0156361
./or-60-5-4-UC-40.cnf,0.46385,0.369351,0.216376,0.83626,0.0637101,0.298778,0.0166421,0.015266
./or-60-5-4.cnf,8.29081,3.49457,3.21521,26.7608,900,0.864163,37.8002,117.764
./or-60-5-5-UC-10.cnf,0.531931,0.424487,0.257215,0.878441,0.791449,0.692737,0.369012,0.901818
./or-60-5-5-UC-20.cnf,0.480981,0.381237,0.232536,0.797864,0.0120959,0.551055,0.0182361,0.0232461
./or-60-5-5-UC-30.cnf,0.499631,0.409493,0.247859,0.867788,0.0106711,0.561424,0.0182161,0.0198129
./or-60-5-5-UC-40.cnf,0.454994,0.344566,0.207891,0.757636,0.0078521,0.384911,0.0221089,0.015262
./or-60-5-5.cnf,17.6321,7.05159,6.8115,109.64,111.351,0.749715,61.3631,80.8012
./or-60-5-6-UC-10.cnf,0.607625,0.477634,0.504542,1.11553,1.37665,0.669454,0.826739,0.553473
./or-60-5-6-UC-20.cnf,0.492025,0.413309,0.213686,0.739196,0.013992,0.45974,0.029002,0.0221829
./or-60-5-6-UC-30.cnf,0.473557,0.371986,0.204166,0.773846,0.00805302,0.366967,0.0178911,0.018211
./or-60-5-6-UC-40.cnf,0.432994,0.352512,0.19905,0.721812,0.0209731,0.347438,0.0268281,0.016483
./or-60-5-6.cnf,904,21.056,73.0016,90.7684,900,0.769473,283.399,900
./or-60-5-7-UC-10.cnf,0.501818,0.415231,0.264521,0.974265,0.28943,0.666438,0.100337,0.306075
./or-60-5-7-UC-20.cnf,0.495313,0.383066,0.23526,0.874915,0.025487,0.583548,0.0468709,0.04222
./or-60-5-7-UC-30.cnf,0.464531,0.38035,0.222074,0.872807,0.081852,0.53612,0.0318571,0.021146
./or-60-5-7-UC-40.cnf,0.463846,0.384386,0.207693,0.843437,0.014609,0.47233,0.0221861,0.0304019
./or-60-5-7.cnf,5.01071,2.27147,2.04496,30.9113,92.6278,0.761151,49.7702,55.9456
./or-60-5-8-UC-10.cnf,1.55133,0.860424,0.727676,6.74727,11.0923,0.669635,6.11609,11.2768
./or-60-5-8-UC-20.cnf,0.478485,0.402513,0.219842,0.866344,0.0272731,0.528391,0.0206601,0.0250831
./or-60-5-8-UC-30.cnf,0.496892,0.403493,0.23735,0.889115,0.00765005,0.395611,0.0277249,0.0334109
./or-60-5-8-UC-40.cnf,0.461904,0.373965,0.197088,0.881155,0.00767711,0.391321,0.0172191,0.0221891
./or-60-5-8.cnf,18.9088,7.69376,8.08206,30.9789,900,0.721897,156.07,201.787
./or-60-5-9-UC-10.cnf,0.521406,0.425735,0.242848,1.19341,0.968594,0.594062,0.399079,1.0948
./or-60-5-9-UC-20.cnf,0.485681,0.398523,0.21111,0.864542,0.0143639,0.523758,0.0248281,0.038086
./or-60-5-9-UC-30.cnf,0.505028,0.411642,0.221484,0.946651,0.01163,0.454207,0.0198051,0.019163
./or-60-5-9-UC-40.cnf,0.473365,0.383735,0.226469,0.849253,0.00840497,0.345886,0.0163629,0.0232989
./or-60-5-9.cnf,20.6777,7.04828,7.43457,26.4278,900,0.793797,70.5324,106.256
./or-70-10-1-UC-10.cnf,0.580631,0.459408,0.294442,1.19397,3.50793,0.624557,0.661393,4.48531
./or-70-10-1-UC-20.cnf,0.523021,0.439859,0.262232,1.05603,0.08752,0.521505,0.0697641,0.0637629
./or-70-10-1-UC-30.cnf,0.474293,0.380484,0.218393,1.10864,0.0224281,0.487546,0.033233,0.033524
./or-70-10-1-UC-40.cnf,0.467951,0.380876,0.216996,0.961669,0.00887697,0.398071,0.0243949,0.0185809
./or-70-10-1.cnf,55.017,19.2255,23.8034,124.825,900,0.771038,547.417,476.06
./or-70-10-10-UC-10.cnf,2.1113,1.04018,1.1458,11.1886,34.8417,0.662177,12.1006,28.8899
./or-70-10-10-UC-20.cnf,0.535343,0.444576,0.253817,1.08815,0.328047,0.553484,0.155232,0.281199
./or-70-10-10-UC-30.cnf,0.479446,0.395048,0.226691,0.987616,0.025092,0.441901,0.0180939,0.0384211
./or-70-10-10-UC-40.cnf,0.537377,0.420307,0.257939,1.06059,0.00807899,0.385968,0.017645,0.0254921
./or-70-10-10.cnf,904,904,904,900,900,0.741889,900,900
./or-70-10-2-UC-10.cnf,3.53034,1.57154,10.9976,19.811,60.522,0.735073,38.6871,64.4093
./or-70-10-2-UC-20.cnf,0.533188,0.440075,0.271843,0.989111,0.782351,0.575812,0.272366,1.12414
./or-70-10-2-UC-30.cnf,0.507484,0.413274,0.232628,0.930839,0.0714789,0.469438,0.02657,0.053326
./or-70-10-2-UC-40.cnf,0.479422,0.400064,0.216017,0.787571,0.0080659,0.396312,0.0382311,0.023598
./or-70-10-2.cnf,904,30.4769,780.168,392.876,900,0.725608,582.829,730.292
./or-70-10-3-UC-10.cnf,0.589019,0.457089,0.286073,1.5739,1.27376,0.59006,0.848049,1.56594
./or-70-10-3-UC-20.cnf,0.513883,0.446922,0.23972,1.01436,0.152618,0.539497,0.0811649,0.070701
./or-70-10-3-UC-30.cnf,0.526186,0.439407,0.240068,0.98272,0.00821789,0.388603,0.0252319,0.018824
./or-70-10-3-UC-40.cnf,0.490408,0.405334,0.244559,0.933914,0.00818212,0.313877,0.0176029,0.0226129
./or-70-10-3.cnf,904,37.3282,904,355.083,900,0.761499,900,900
./or-70-10-4-UC-10.cnf,3.86745,1.80426,1.6207,23.3647,78.3531,0.715111,51.5223,69.762
./or-70-10-4-UC-20.cnf,0.978307,0.61794,0.472069,6.02607,19.7194,0.675806,7.01349,20.0249
./or-70-10-4-UC-30.cnf,0.724292,0.540446,0.366047,2.17624,12.9577,0.593775,1.80802,13.6898
./or-70-10-4-UC-40.cnf,0.52869,0.426983,0.246123,1.00366,0.072889,0.455801,0.080404,0.0639919
./or-70-10-4.cnf,904,904,904,189.298,900,0.785918,522.948,665.769
./or-70-10-5-UC-10.cnf,1.35279,0.761809,0.536487,3.87587,26.592,0.689584,17.7296,19.8826
./or-70-10-5-UC-20.cnf,0.548845,0.445556,0.264879,0.756528,0.214488,0.566891,0.144482,0.225105
./or-70-10-5-UC-30.cnf,0.501065,0.405092,0.226988,0.872959,0.0559421,0.424655,0.019268,0.0422979
./or-70-10-5-UC-40.cnf,0.485789,0.395621,0.204375,0.944478,0.018866,0.337976,0.0164671,0.018563
./or-70-10-5.cnf,904,904,218.985,533.347,900,0.784413,817.751,900
./or-70-10-6-UC-10.cnf,6.12398,0.529475,0.311537,2.08804,12.7148,0.636191,11.4512,16.2373
./or-70-10-6-UC-20.cnf,0.509431,0.428793,0.242154,0.981915,0.507721,0.572944,0.344116,0.52111
./or-70-10-6-UC-30.cnf,0.490942,0.40353,0.217023,1.17295,0.00769308,0.413054,0.0261369,0.019895
./or-70-10-6-UC-40.cnf,0.462828,0.390799,0.2161,0.953185,0.0086559,0.290879,0.016577,0.018459
./or-70-10-6.cnf,904,904,904,653.501,900,0.736735,900,683.413
./or-70-10-7-UC-10.cnf,8.86529,3.752,1.43799,69.5992,102.335,0.657575,29.721,109.29
./or-70-10-7-UC-20.cnf,0.743723,0.543049,0.349414,3.25799,2.24294,0.611568,0.630104,2.55648
./or-70-10-7-UC-30.cnf,0.518705,0.413973,0.235349,1.23949,0.0499169,0.456668,0.0367429,0.114583
./or-70-10-7-UC-40.cnf,0.480788,0.386199,0.22192,0.990927,0.017483,0.406089,0.0190931,0.0444601
./or-70-10-7.cnf,904,904,904,889.017,900,0.716367,900,900
./or-70-10-8-UC-10.cnf,0.579402,0.460364,0.250914,1.83482,1.14042,0.663779,1.32815,1.08295
./or-70-10-8-UC-20.cnf,0.538796,0.436386,0.255103,0.947208,0.0171811,0.431084,0.0374879,0.0351191
./or-70-10-8-UC-30.cnf,0.487013,0.410126,0.224374,0.806936,0.00721507,0.297895,0.0166669,0.0230641
./or-70-10-8-UC-40.cnf,0.468465,0.402897,0.23406,0.970404,0.00760802,0.260256,0.0292821,0.017441
./or-70-10-8.cnf,904,54.5972,86.1616,191.857,900,0.743258,753.141,900
./or-70-10-9-UC-10.cnf,0.538956,0.420247,0.265667,1.36755,0.925948,0.564469,0.599948,0.666496
./or-70-10-9-UC-20.cnf,0.561873,0.464221,0.259648,1.074,0.0284429,0.514359,0.05346,0.0550541
./or-70-10-9-UC-30.cnf,0.544036,0.436635,0.243607,0.995779,0.0550751,0.444205,0.0240679,0.0310909
./or-70-10-9-UC-40.cnf,0.539875,0.423327,0.250104,0.931108,0.00832099,0.413097,0.0252069,0.034414
./or-70-10-9.cnf,904,904,904,411.787,900,0.842602,701.818,547.846
./or-70-20-1-UC-10.cnf,0.73886,0.53096,0.37817,1.82398,4.65883,0.575179,5.30375,3.70663
./or-70-20-1-UC-20.cnf,0.545619,0.440513,0.257849,1.15633,0.664968,0.551722,0.760704,0.846122
./or-70-20-1-UC-30.cnf,0.585838,0.466522,0.259859,1.22915,0.543413,0.523145,0.505931,0.598235
./or-70-20-1-UC-40.cnf,0.534724,0.426677,0.251155,0.862627,0.169042,0.508469,0.199217,0.126821
./or-70-20-1.cnf,904,904,904,900,900,0.770109,900,900
./or-70-20-10-UC-10.cnf,3.13968,1.60508,1.49906,18.2473,53.2422,0.679235,22.5006,57.8718
./or-70-20-10-UC-20.cnf,28.6947,9.50859,10.2317,56.91,900,0.700931,114.673,84.7641
./or-70-20-10-UC-30.cnf,1.27072,0.73502,0.590187,4.48627,10.3625,0.54045,4.22393,5.51149
./or-70-20-10-UC-40.cnf,0.529105,0.423052,0.226649,1.04123,0.184019,0.497237,0.109925,0.200387
./or-70-20-10.cnf,904,904,904,462.189,900,0.734605,900,900
./or-70-20-2-UC-10.cnf,0.978793,0.62199,0.447528,102.484,15.5545,0.659789,9.6222,13.1042
./or-70-20-2-UC-20.cnf,0.705425,0.532291,0.365472,1.58666,5.07615,0.593027,1.23928,4.87233
./or-70-20-2-UC-30.cnf,0.660161,0.480549,0.347938,3.48606,0.852728,0.613737,0.753523,0.610139
./or-70-20-2-UC-40.cnf,0.524008,0.421394,0.23532,0.91241,0.0450321,0.441168,0.0563229,0.057245
./or-70-20-2.cnf,105.117,35.6084,41.5531,224.215,900,0.737292,900,900
./or-70-20-3-UC-10.cnf,904,904,904,66.4585,900,0.713271,299.317,217.134
./or-70-20-3-UC-20.cnf,1.98206,1.00101,2.03172,6.40936,16.3211,0.621438,6.09694,14.4911
./or-70-20-3-UC-30.cnf,0.73086,0.508412,0.652495,2.50135,3.76282,0.513874,1.81914,2.06615
./or-70-20-3-UC-40.cnf,4.30766,0.396787,0.275935,2.16518,0.0999879,0.504863,0.155179,0.141209
./or-70-20-3.cnf,904,904,904,900,900,0.722462,900,900
./or-70-20-4-UC-10.cnf,17.4694,6.79774,370.774,60.5712,900,0.688723,119.719,283.913
./or-70-20-4-UC-20.cnf,2.63995,1.25084,51.5745,8.71768,47.5174,0.694601,20.798,42.2175
./or-70-20-4-UC-30.cnf,0.519055,0.389785,0.329896,1.01511,0.047815,0.448184,0.0645689,0.067639
./or-70-20-4-UC-40.cnf,0.460153,0.385882,0.229703,0.88629,0.0301379,0.43095,0.0263251,0.028939
./or-70-20-4.cnf,904,904,904,900,900,0.754274,900,900
./or-70-20-5-UC-10.cnf,5.48034,2.2877,6.76581,9.601,83.2531,0.672307,150.81,69.9062
./or-70-20-5-UC-20.cnf,1.47602,0.83843,6.49211,3.98452,28.8333,0.665195,14.2283,27.3104
./or-70-20-5-UC-30.cnf,0.637081,0.473653,1.5314,1.85798,3.27023,0.553273,1.36329,3.42542
./or-70-20-5-UC-40.cnf,0.50871,0.417186,0.31559,1.19598,0.117428,0.482054,0.0337479,0.142568
./or-70-20-5.cnf,904,17.9679,65.4714,42.0814,900,0.782198,764.662,493.844
./or-70-20-6-UC-10.cnf,3.10218,1.4352,1.45084,12.6276,31.7665,0.646145,24.9002,30.8798
./or-70-20-6-UC-20.cnf,0.571329,0.448314,0.297507,1.03364,0.3144,0.581297,0.240404,0.272421
./or-70-20-6-UC-30.cnf,0.48818,0.40342,0.221939,0.922874,0.0627789,0.427856,0.028127,0.02676
./or-70-20-6-UC-40.cnf,0.476424,0.408957,0.225009,0.970669,0.0102061,0.38722,0.017688,0.0303849
./or-70-20-6.cnf,904,71.8802,141.211,146.791,900,0.738867,900,900
./or-70-20-7-UC-10.cnf,6.36793,2.88371,0.85451,30.2123,24.8929,0.652375,19.392,26.3529
./or-70-20-7-UC-20.cnf,1.81239,1.04113,0.328851,5.04127,10.9293,0.58405,3.98152,8.82726
./or-70-20-7-UC-30.cnf,0.5322,0.411768,0.222331,1.20078,0.105384,0.461615,0.124873,0.157185
./or-70-20-7-UC-40.cnf,0.532502,0.434341,0.247207,0.813798,0.0414061,0.401574,0.045825,0.0569261
./or-70-20-7.cnf,904,904,904,726.128,900,0.792165,748.119,518.451
./or-70-20-8-UC-10.cnf,25.2384,9.17614,9.34496,167.434,900,0.680793,111.561,121.053
./or-70-20-8-UC-20.cnf,6.44461,2.7571,2.58258,20.4856,900,0.605104,82.4572,110.395
./or-70-20-8-UC-30.cnf,0.6154,0.471916,0.317425,1.287,3.57218,0.524613,0.512248,4.48711
./or-70-20-8-UC-40.cnf,0.552333,0.428315,0.277033,1.45372,0.196727,0.500079,0.143755,0.2915
./or-70-20-8.cnf,904,904,904,367.625,900,0.693379,676.577,900
./or-70-20-9-UC-10.cnf,0.544692,0.465572,0.266512,0.980419,0.776602,0.617651,0.209761,1.05303
./or-70-20-9-UC-20.cnf,0.504986,0.400985,0.228675,1.03633,0.018437,0.492335,0.023837,0.054351
./or-70-20-9-UC-30.cnf,0.495561,0.415085,0.220455,0.99214,0.015109,0.423785,0.027136,0.038049
./or-70-20-9-UC-40.cnf,0.48667,0.399312,0.215258,0.832124,0.00812496,0.349545,0.0276171,0.019848
./or-70-20-9.cnf,93.7051,31.0541,34.1533,443.592,900,0.801618,589.486,900
./or-70-5-1-UC-10.cnf,0.626813,0.495082,0.500086,1.62802,7.90775,0.675811,1.75281,8.90466
./or-70-5-1-UC-20.cnf,0.5599,0.43245,0.261705,1.07419,0.00936504,0.432138,0.029331,0.0223539
./or-70-5-1-UC-30.cnf,0.478745,0.383703,0.212568,0.989726,0.00804095,0.318823,0.0251779,0.0175899
./or-70-5-1-UC-40.cnf,0.464833,0.374333,0.219964,0.952059,0.0073821,0.268261,0.0163169,0.016837
./or-70-5-1.cnf,39.9348,13.5748,23.9094,70.897,900,0.739568,356.244,598.478
./or-70-5-10-UC-10.cnf,0.974237,0.620126,0.955259,4.97292,5.92056,0.645254,3.01117,5.11162
./or-70-5-10-UC-20.cnf,0.529315,0.412074,0.251697,0.933482,0.224673,0.567899,0.06336,0.382059
./or-70-5-10-UC-30.cnf,0.531417,0.43232,0.243433,0.942088,0.0346009,0.495133,0.0321429,0.0520229
./or-70-5-10-UC-40.cnf,0.479678,0.390288,0.220944,1.01352,0.029076,0.423615,0.029118,0.0309659
./or-70-5-10.cnf,904,904,147.199,303.892,900,0.739584,786.386,765.815
./or-70-5-2-UC-10.cnf,0.621673,0.47303,0.303717,2.97487,8.82212,0.659388,3.51755,5.36712
./or-70-5-2-UC-20.cnf,0.546656,0.443663,0.277606,1.01677,0.263914,0.574295,0.168181,0.317703
./or-70-5-2-UC-30.cnf,0.50409,0.410367,0.250869,0.934246,0.031893,0.405764,0.024876,0.01887
./or-70-5-2-UC-40.cnf,0.508554,0.395487,0.2428,0.919325,0.00788897,0.343481,0.019124,0.0173989
./or-70-5-2.cnf,904,26.6827,37.8957,111.632,900,0.753496,419.082,431.567
./or-70-5-3-UC-10.cnf,0.561142,0.447841,0.255264,1.16542,0.04829,0.452942,0.037979,0.06233
./or-70-5-3-UC-20.cnf,0.481744,0.418988,0.241321,1.0089,0.00937806,0.376148,0.024142,0.0262431
./or-70-5-3-UC-30.cnf,0.505928,0.41459,0.229549,0.962941,0.015604,0.400649,0.020985,0.029415
./or-70-5-3-UC-40.cnf,0.511415,0.428081,0.244153,0.944921,0.010071,0.364959,0.017116,0.017156
./or-70-5-3.cnf,904,904,904,900,900,0.757664,900,900
./or-70-5-4-UC-10.cnf,1.82165,0.981241,0.896072,32.5161,19.3546,0.720371,8.30496,24.6323
./or-70-5-4-UC-20.cnf,0.569172,0.44555,0.273792,1.09756,0.566728,0.585319,0.339942,0.570148
./or-70-5-4-UC-30.cnf,0.559449,0.437011,0.263219,1.09812,0.201379,0.475041,0.067432,0.154327
./or-70-5-4-UC-40.cnf,0.480419,0.380338,0.224189,0.936046,0.00863096,0.305096,0.022612,0.0344121
./or-70-5-4.cnf,904,904,904,320.544,900,0.774393,900,900
./or-70-5-5-UC-10.cnf,0.57038,0.46613,0.314219,1.16549,1.8015,0.57866,1.06204,1.98593
./or-70-5-5-UC-20.cnf,0.549513,0.455061,0.294416,1.20163,0.677399,0.642098,0.412272,0.87921
./or-70-5-5-UC-30.cnf,0.484475,0.40431,0.236011,0.960843,0.00665893,0.350846,0.0261549,0.0186399
./or-70-5-5-UC-40.cnf,0.465157,0.37922,0.20479,1.08618,0.0077679,0.319055,0.017862,0.021932
./or-70-5-5.cnf,904,904,904,422.353,900,0.687479,900,900
./or-70-5-6-UC-10.cnf,6.214,2.84602,2.55699,120.131,102.036,0.650646,121.881,102.643
./or-70-5-6-UC-20.cnf,0.563249,0.448166,0.276824,1.20492,0.416625,0.542837,0.384857,0.587176
./or-70-5-6-UC-30.cnf,0.51403,0.423374,0.235357,1.12852,0.0228351,0.419049,0.019507,0.0557031
./or-70-5-6-UC-40.cnf,0.439846,0.366307,0.208003,0.944436,0.00605303,0.280164,0.022929,0.0170149
./or-70-5-6.cnf,904,904,904,900,900,0.747728,900,900
./or-70-5-7-UC-10.cnf,0.846046,0.574419,0.570643,4.45608,14.0265,0.71492,6.40481,15.0419
./or-70-5-7-UC-20.cnf,0.540071,0.459734,0.23821,0.965791,0.246106,0.615758,0.174412,0.266766
./or-70-5-7-UC-30.cnf,0.48904,0.407626,0.222985,1.05588,0.015871,0.412119,0.0188921,0.048882
./or-70-5-7-UC-40.cnf,0.46803,0.366325,0.230369,0.92413,0.0209309,0.309926,0.0193541,0.016875
./or-70-5-7.cnf,904,17.9075,34.2052,46.6902,900,0.788286,414.883,450.145
./or-70-5-8-UC-10.cnf,1.04073,0.64335,0.464616,9.29446,4.79898,0.590371,2.53675,5.46655
./or-70-5-8-UC-20.cnf,0.544594,0.428313,0.241628,1.37165,0.546295,0.560513,0.320108,0.742201
./or-70-5-8-UC-30.cnf,0.498796,0.399388,0.228773,1.00306,0.015895,0.365544,0.0254809,0.025641
./or-70-5-8-UC-40.cnf,0.462415,0.377587,0.208271,0.930812,0.0141659,0.318267,0.0256361,0.023891
./or-70-5-8.cnf,904,904,904,900,900,0.771686,724.103,577.319
./or-70-5-9-UC-10.cnf,0.533704,0.423856,0.293454,1.19293,0.140143,0.598392,0.109648,0.177921
./or-70-5-9-UC-20.cnf,0.53602,0.442504,0.261071,0.871684,0.023261,0.483519,0.0324899,0.0451911
./or-70-5-9-UC-30.cnf,0.479784,0.385588,0.223921,0.946417,0.017418,0.358533,0.0184109,0.027151
./or-70-5-9-UC-40.cnf,0.455203,0.371997,0.227878,0.942886,0.0125801,0.28834,0.0163239,0.0167169
./or-70-5-9.cnf,904,904,900,900,900,0.770583,900,900
./tire-1.cnf,901,904,900,2.27874,0.0334199,1.96257,0.077546,0.055854
./tire-2.cnf,900,904,904,4.16306,0.040547,2.68613,0.045506,0.051513
./tire-3.cnf,900,904,904,4.32922,0.14735,3.14174,0.110945,0.186555
./tire-4.cnf,902,902,904,6.83327,0.191679,5.92574,0.295184,0.142093
