instance,gpusat_t,gpusat_a,gpusat1,miniC2D,query_dnnf,sts,Cachet-wmc,d4
./4step.cnf,0.494989,0.413139,0.229964,0.807601,0.00981093,0.679688,0.018422,0.0221321
./50-10-1-q.cnf,1.15868,1.05282,0.547843,2.02492,3.16864,7.6391,900,3.47111
./50-10-10-q.cnf,0.9953,0.886465,0.491971,1.24023,1.25796,7.56543,840.336,1.3872
./50-10-2-q.cnf,1.30553,1.1708,0.551434,1.37793,21.7815,8.1485,900,20.6251
./50-10-3-q.cnf,1.04632,0.922957,0.557046,1.1523,7.71437,7.7699,900,7.97756
./50-10-4-q.cnf,1.11522,0.98092,0.544474,0.792959,0.647545,6.94134,900,0.753464
./50-10-5-q.cnf,1.03843,0.912386,0.519251,0.86458,0.434028,6.53476,42.2086,0.571823
./50-10-6-q.cnf,1.04817,0.923675,0.564847,1.06605,3.83327,7.75929,900,4.28202
./50-10-7-q.cnf,1.02884,0.891724,0.527041,0.999882,1.97012,7.93907,900,2.54725
./50-10-8-q.cnf,1.12555,1.01067,0.504985,1.59501,3.01432,7.31326,368.514,3.29094
./50-10-9-q.cnf,1.09381,0.992668,0.575805,1.2107,1.39314,6.80668,860.424,1.52174
./50-12-1-q.cnf,1.2695,1.14185,0.673788,1.15841,8.42038,14.5145,900,8.52488
./50-12-10-q.cnf,1.53029,1.41323,0.682304,1.94105,45.9438,16.4668,900,51.1132
./50-12-2-q.cnf,1.44312,1.35302,0.672795,1.76812,6.9095,14.6552,900,7.13899
./50-12-3-q.cnf,1.32139,1.17102,0.640018,1.87304,26.4278,17.0953,900,22.9534
./50-12-4-q.cnf,1.35367,1.23253,0.694156,2.1815,58.5405,16.9587,900,57.3879
./50-12-5-q.cnf,1.58687,1.48007,0.718706,2.71275,13.0099,17.2828,900,14.1543
./50-12-6-q.cnf,1.22774,1.12624,0.6775,1.6891,4.7504,13.4164,900,4.63544
./50-12-7-q.cnf,1.44812,1.26948,0.689576,2.03402,28.8807,16.3876,900,29.9553
./50-12-8-q.cnf,1.52764,1.36634,0.762742,1.27367,34.3226,17.5285,900,30.8601
./50-12-9-q.cnf,1.38513,1.19881,0.652845,1.95016,8.80002,16.7222,900,10.2019
./50-14-1-q.cnf,1.78865,1.58177,0.925447,6.71395,900,28.0243,900,293.687
./50-14-10-q.cnf,1.9156,1.7088,0.930795,5.18248,900,26.8753,900,212.696
./50-14-2-q.cnf,1.64927,1.55891,0.83485,6.167,50.063,26.8346,900,48.3773
./50-14-3-q.cnf,1.76737,1.63824,0.911856,8.20935,900,28.0993,900,535.196
./50-14-4-q.cnf,1.58633,1.44876,0.885836,2.06174,30.6035,26.5534,900,25.9246
./50-14-5-q.cnf,1.93065,1.7369,1.00992,10.3171,101.448,33.3794,900,97.6551
./50-14-6-q.cnf,1.46879,1.29677,1.09043,3.84222,47.9679,26.8652,900,46.2315
./50-14-7-q.cnf,1.93982,1.77949,0.923523,27.4068,900,32.9227,900,158.679
./50-14-8-q.cnf,1.6173,1.41854,0.89016,2.87754,98.657,32.3452,900,95.1239
./50-14-9-q.cnf,1.70207,1.53939,0.924591,4.95511,900,27.9169,900,502.492
./50-16-1-q.cnf,2.09489,1.90594,1.24864,11.079,900,57.6273,900,900
./50-16-10-q.cnf,2.47595,2.17348,1.28031,42.543,900,59.6001,900,900
./50-16-2-q.cnf,2.51401,2.17423,2.9052,22.9348,900,57.231,900,900
./50-16-3-q.cnf,2.00306,1.74356,1.12094,84.3082,900,58.3644,900,900
./50-16-4-q.cnf,2.20993,1.96737,1.71115,43.3152,900,56.4353,900,900
./50-16-5-q.cnf,2.30522,2.09705,1.23692,14.5424,900,57.5963,900,900
./50-16-6-q.cnf,2.16531,1.95117,1.24651,5.68708,900,54.7225,900,865.63
./50-16-7-q.cnf,2.03571,1.82335,1.17586,5.80948,900,56.3769,900,403.191
./50-16-8-q.cnf,2.10375,1.90753,1.13575,6.44052,900,56.0191,900,900
./50-16-9-q.cnf,2.38943,2.08721,1.31021,22.681,900,59.8325,900,900
./50-18-1-q.cnf,3.01612,2.63997,2.13976,285.861,900,91.0831,900,900
./50-18-10-q.cnf,3.23201,2.82928,1.7624,78.7305,900,77.3699,900,900
./50-18-2-q.cnf,2.69055,2.25948,1.49813,43.3847,900,79.5488,900,900
./50-18-3-q.cnf,2.60876,2.35055,1.35998,4.65449,900,80.8306,900,900
./50-18-4-q.cnf,2.48751,2.25756,1.42385,12.8172,900,79.8559,900,900
./50-18-5-q.cnf,2.80995,2.59195,1.49423,44.6685,900,95.0979,900,900
./50-18-6-q.cnf,2.7966,2.52657,1.50911,14.834,900,76.6047,900,900
./50-18-7-q.cnf,2.84393,2.60966,1.53818,19.9787,900,92.3252,900,900
./50-18-8-q.cnf,2.67064,2.41989,2.14198,20.1451,900,86.5512,900,900
./50-18-9-q.cnf,2.88883,2.53597,1.74075,119.897,900,96.6807,900,900
./50-20-1-q.cnf,4.13832,3.40908,5.75177,286.74,900,152.416,900,900
./50-20-10-q.cnf,3.84125,3.25899,2.16701,604.918,900,148.573,900,900
./50-20-2-q.cnf,4.34286,3.4659,3.13769,180.416,900,148.615,900,900
./50-20-3-q.cnf,4.74272,3.68824,2.64257,267.858,900,137.618,900,900
./50-20-4-q.cnf,3.70625,3.18444,2.26196,450.377,900,148.122,900,900
./50-20-5-q.cnf,4.28241,3.60397,3.26622,128.665,900,148.413,900,900
./50-20-6-q.cnf,4.41249,3.65712,2.70796,72.2832,900,158.318,900,900
./50-20-7-q.cnf,3.52567,3.03184,2.76268,154.891,900,149.141,900,900
./50-20-8-q.cnf,4.84958,3.84184,2.64215,104.307,900,156.042,900,900
./50-20-9-q.cnf,3.13494,2.90675,1.74166,26.3878,900,144.969,900,900
./5step.cnf,0.455011,0.359386,0.233814,0.557803,0.00812911,0.592337,0.021344,0.0192681
./75-10-1-q.cnf,0.84828,0.751525,0.513151,0.600376,0.010087,5.8092,0.028397,0.0189321
./75-10-10-q.cnf,0.864809,0.749196,0.47189,0.602691,0.0158981,6.00603,0.0368429,0.020515
./75-10-2-q.cnf,0.958385,0.869231,0.47962,0.842532,0.0834571,7.37691,0.236562,0.119464
./75-10-3-q.cnf,0.00457894,0.00493006,0.190085,0.149616,900,0.143126,900,900
./75-10-4-q.cnf,0.896624,0.786342,0.511379,0.829908,0.03492,6.88063,0.0539841,0.0586511
./75-10-5-q.cnf,0.84007,0.729505,0.513617,0.697749,0.0613179,7.12254,0.261224,0.0966701
./75-10-6-q.cnf,0.829131,0.733311,0.480535,0.852445,0.0317799,7.35576,0.0861541,0.052934
./75-10-7-q.cnf,0.958394,0.86956,0.495571,0.889786,0.0465539,5.95874,0.591845,0.0795639
./75-10-8-q.cnf,0.903598,0.789353,0.541089,0.891724,0.0950651,6.6199,0.457432,0.0999971
./75-10-9-q.cnf,0.835173,0.754272,0.482298,0.898708,0.12437,6.60055,3.53838,0.191027
./75-12-1-q.cnf,1.16749,1.07605,0.665905,1.10781,0.269728,14.6072,64.701,0.291178
./75-12-10-q.cnf,1.19832,1.08859,0.645611,0.992162,0.114845,13.4688,0.281195,0.139731
./75-12-2-q.cnf,1.07854,0.970506,0.685672,0.993706,0.181795,12.8864,10.213,0.221585
./75-12-3-q.cnf,1.03256,0.907534,0.631246,1.10854,0.601365,14.0555,58.1034,0.563208
./75-12-4-q.cnf,1.21241,1.09852,0.632664,0.960853,0.114078,13.6616,0.263696,0.13013
./75-12-5-q.cnf,1.14594,0.991093,0.671358,1.20276,0.857437,13.1584,38.8166,1.07225
./75-12-6-q.cnf,1.08902,0.963706,0.663671,1.20756,0.340075,14.7656,31.8629,0.337521
./75-12-7-q.cnf,1.09744,0.980035,0.642367,1.02489,0.098715,13.9787,1.02758,0.139331
./75-12-8-q.cnf,1.01994,0.90315,0.640093,1.27505,0.384249,13.1343,25.5001,0.390162
./75-12-9-q.cnf,1.0233,0.888313,0.600379,1.07889,0.154088,10.6441,2.09698,0.13422
./75-14-1-q.cnf,1.2631,1.11934,0.768795,1.3806,0.171398,24.5327,5.43066,0.226884
./75-14-10-q.cnf,1.22789,1.08565,0.779687,1.4683,0.58838,27.0929,374.872,0.621002
./75-14-2-q.cnf,1.25192,1.10469,0.827814,1.54329,1.18538,26.5192,15.0839,1.52688
./75-14-3-q.cnf,1.28684,1.13267,0.811105,1.50882,0.996108,25.9419,103.691,1.47915
./75-14-4-q.cnf,1.29911,1.20067,0.84498,1.27808,1.03662,24.0311,900,1.1541
./75-14-5-q.cnf,1.18682,1.08892,0.877202,1.90438,0.503324,27.1665,87.9821,0.616829
./75-14-6-q.cnf,1.38404,1.25923,0.868702,1.22642,0.61666,25.9356,66.4038,0.773319
./75-14-7-q.cnf,1.36024,1.26788,0.764039,1.55139,0.688574,26.5088,900,0.940912
./75-14-8-q.cnf,1.24526,1.10329,0.800103,1.60675,1.66528,26.2879,768.587,1.88379
./75-14-9-q.cnf,1.46354,1.30225,0.863202,1.77633,7.99458,27.2089,900,7.82005
./75-15-1-q.cnf,1.32044,1.177,0.885464,1.56758,0.852022,31.5197,64.121,0.920745
./75-15-10-q.cnf,1.56817,1.42713,0.879,1.83788,1.22267,35.9134,338.673,1.36483
./75-15-2-q.cnf,1.44799,1.29583,0.88836,1.7659,1.92482,36.7953,900,2.45786
./75-15-3-q.cnf,1.43966,1.28873,0.904439,1.73904,1.38094,32.12,900,1.77688
./75-15-4-q.cnf,1.40983,1.28194,0.843988,1.39827,0.237515,31.6539,191.324,0.322544
./75-15-5-q.cnf,0.00501499,0.00503,0.187444,0.188249,900,0.125495,900,900
./75-15-6-q.cnf,1.32838,1.19629,0.889885,1.73272,1.26705,32.9115,900,1.80478
./75-15-7-q.cnf,1.41594,1.28637,0.900978,1.72916,2.75121,38.2137,900,3.18534
./75-15-8-q.cnf,1.45953,1.32846,0.893811,1.80949,2.53209,34.6685,900,2.56118
./75-15-9-q.cnf,1.33719,1.21219,1.01438,1.72762,1.05974,32.3624,900,1.14209
./75-16-1-q.cnf,1.59457,1.44744,1.0438,1.91976,5.17184,47.5745,900,6.1437
./75-16-10-q.cnf,1.58863,1.4363,0.986913,2.04049,7.76461,44.2585,900,10.2274
./75-16-2-q.cnf,1.64256,1.49728,1.05874,2.68172,13.7558,47.2735,900,16.3886
./75-16-3-q.cnf,1.57775,1.43596,1.04544,2.75853,6.20214,45.959,900,8.05085
./75-16-4-q.cnf,1.78375,1.59168,1.09603,2.67715,104.254,50.848,900,102.805
./75-16-5-q.cnf,1.61856,1.49005,1.01482,1.63946,8.20104,44.1823,900,8.65826
./75-16-6-q.cnf,1.58242,1.44013,0.987334,2.06161,2.01985,43.8211,900,2.70064
./75-16-7-q.cnf,1.71945,1.6166,1.03083,2.02588,4.35302,45.9327,900,6.63012
./75-16-8-q.cnf,1.52005,1.37922,0.981093,1.78315,3.84411,52.3548,900,4.10025
./75-16-9-q.cnf,1.81965,1.66309,1.054,1.82875,13.1094,48.9189,900,14.4062
./75-17-1-q.cnf,1.74601,1.6209,1.1231,2.43409,11.9591,54.7966,900,15.0732
./75-17-10-q.cnf,1.64329,1.51774,1.13981,1.88651,1.31057,56.1836,900,1.83301
./75-17-2-q.cnf,1.55369,1.38152,1.06159,1.8969,1.4623,56.0293,900,1.51521
./75-17-3-q.cnf,1.94289,1.78723,1.18118,2.89051,15.9035,66.4125,900,16.743
./75-17-4-q.cnf,1.8176,1.67223,1.07821,2.04713,6.98114,53.118,900,7.39897
./75-17-5-q.cnf,1.74166,1.59587,1.09292,2.29009,7.53515,56.7706,900,7.76457
./75-17-6-q.cnf,1.74315,1.58019,1.14801,2.1415,4.87442,56.3136,900,5.25981
./75-17-7-q.cnf,1.70824,1.50013,1.11874,2.05762,1.71752,54.0607,900,2.0391
./75-17-8-q.cnf,1.7367,1.60408,1.12591,2.36212,11.9353,63.7074,900,12.3457
./75-17-9-q.cnf,1.8487,1.6393,1.07941,1.77931,6.83957,59.0344,900,7.41617
./75-18-1-q.cnf,1.72789,1.55424,1.21838,2.08989,7.03909,70.5314,900,6.88214
./75-18-10-q.cnf,1.89793,1.73802,1.20532,2.86874,14.5663,71.2619,900,16.994
./75-18-2-q.cnf,1.92568,1.79232,1.26181,2.96034,19.582,70.543,900,21.6547
./75-18-3-q.cnf,2.06758,1.8851,1.2752,2.83485,29.4718,87.022,900,34.3215
./75-18-4-q.cnf,1.7636,1.60983,1.2279,2.76236,1.37536,77.9795,900,1.96242
./75-18-5-q.cnf,1.90905,1.76107,1.20544,2.85175,7.94217,72.0249,900,7.82912
./75-18-6-q.cnf,1.9303,1.82215,1.33269,2.36713,7.44806,74.1096,900,9.48547
./75-18-7-q.cnf,1.74204,1.62065,1.28875,2.04839,6.12462,70.942,900,6.02183
./75-18-8-q.cnf,1.91138,1.78155,1.26102,2.63188,19.9457,70.552,900,19.4026
./75-18-9-q.cnf,1.82059,1.66063,1.21679,3.57733,39.0478,71.5946,900,45.6244
./75-19-1-q.cnf,2.12434,1.86041,1.3793,3.31274,48.3002,97.8162,900,43.839
./75-19-10-q.cnf,2.12639,1.9775,1.4135,2.69834,30.8421,94.3439,900,30.9122
./75-19-2-q.cnf,2.37485,2.12197,1.50595,75.45,44.003,94.6339,900,43.8464
./75-19-3-q.cnf,2.08546,1.94315,1.35708,3.77585,107.549,109.002,900,100.508
./75-19-4-q.cnf,2.01076,1.80888,1.4262,3.43239,22.0181,98.3324,900,21.2156
./75-19-5-q.cnf,2.16964,2.018,1.44302,3.29276,5.97639,99.9521,900,6.84248
./75-19-6-q.cnf,2.09154,1.88838,1.43169,2.94701,42.8482,107.891,900,46.0132
./75-19-7-q.cnf,2.04153,1.89605,1.42413,3.16459,72.7505,102.359,900,81.7497
./75-19-8-q.cnf,2.10388,1.91857,1.38203,9.68083,129.165,93.9529,900,147.447
./75-19-9-q.cnf,2.06248,1.91227,1.39663,3.07132,27.0783,98.8331,900,33.0404
./75-20-1-q.cnf,2.21183,1.96237,1.55694,4.01055,900,138.602,900,132.833
./75-20-10-q.cnf,2.16348,1.92286,1.43181,3.55285,114.93,119.626,900,113.468
./75-20-2-q.cnf,2.32497,2.12749,1.59506,4.50189,78.1871,133.14,900,100.492
./75-20-3-q.cnf,2.34443,2.14515,1.47991,3.02342,19.7135,128.223,900,18.328
./75-20-4-q.cnf,2.17047,2.03938,1.49645,4.49643,17.3767,120.159,900,22.957
./75-20-5-q.cnf,2.40526,2.26883,1.47384,3.23177,9.54935,117.354,900,10.3146
./75-20-6-q.cnf,2.28828,2.11848,1.44243,2.96583,81.9238,116.95,900,92.452
./75-20-7-q.cnf,2.38743,2.23912,1.49922,5.00565,900,138.666,900,291.653
./75-20-8-q.cnf,2.46618,2.27643,1.54579,3.09542,900,132.422,900,222.679
./75-20-9-q.cnf,2.26163,2.06011,1.48448,3.03453,28.2506,137.038,900,29.5484
./75-21-1-q.cnf,2.51073,2.33903,1.73197,3.39396,39.2602,154.142,900,34.2283
./75-21-10-q.cnf,2.61491,2.36609,1.76702,3.38459,900,144.068,900,299.464
./75-21-2-q.cnf,2.30302,2.06007,1.55966,3.46523,27.189,151.352,900,30.2133
./75-21-3-q.cnf,2.49973,2.33381,1.78582,4.33556,900,162.207,900,165.892
./75-21-4-q.cnf,2.57377,2.36671,1.60208,3.21814,34.3516,143.243,900,32.0704
./75-21-5-q.cnf,2.60577,2.41081,1.95662,4.43786,28.1431,152.125,900,33.2875
./75-21-6-q.cnf,2.61609,2.36238,1.65073,4.46411,900,149.079,900,269.654
./75-21-7-q.cnf,2.63039,2.43002,1.9446,14.4071,900,143.596,900,801.279
./75-21-8-q.cnf,2.3241,2.105,1.76588,6.64359,129.565,170.563,900,129.581
./75-21-9-q.cnf,0.00509903,0.00512393,0.208821,0.136291,900,0.153209,900,900
./75-22-1-q.cnf,2.69797,2.46125,1.78134,3.70122,900,188.33,900,155.012
./75-22-10-q.cnf,2.53848,2.43701,1.722,4.28633,71.0038,173.471,900,77.6538
./75-22-2-q.cnf,2.75465,2.52435,1.88393,6.80507,900,186.315,900,625.254
./75-22-3-q.cnf,2.79345,2.58994,1.85405,5.86408,900,202.568,900,139.177
./75-22-4-q.cnf,3.00256,2.75731,1.9339,12.0301,900,201.611,900,551.145
./75-22-5-q.cnf,2.76354,2.61479,1.70631,4.45795,46.0413,187.901,900,58.65
./75-22-6-q.cnf,2.72485,2.51901,1.79247,6.95539,900,178.95,900,315.67
./75-22-7-q.cnf,3.54805,3.14072,2.36047,20.7855,900,203.015,900,556.244
./75-22-8-q.cnf,2.72549,2.53825,1.95565,6.66154,900,177.673,900,231.686
./75-22-9-q.cnf,2.84642,2.62356,1.77419,4.31857,900,186.874,900,353.24
./75-23-1-q.cnf,2.91201,2.68195,1.94201,3.63512,65.6152,258.013,900,67.712
./75-23-10-q.cnf,2.82472,2.62042,1.93502,6.5045,95.1677,900,900,101.884
./75-23-2-q.cnf,2.91857,2.6607,1.9607,218.35,900,218.257,900,198.83
./75-23-3-q.cnf,3.08122,2.87058,2.09328,11.0738,900,221.373,900,900
./75-23-4-q.cnf,3.04215,2.83278,2.04565,7.87006,900,248.992,900,695.221
./75-23-5-q.cnf,2.84178,2.7151,2.01134,25.4321,900,233.376,900,496.487
./75-23-6-q.cnf,3.00768,2.71071,1.96353,4.51607,900,208.933,900,660.494
./75-23-7-q.cnf,2.93639,2.7108,1.94712,3.73032,900,217.173,900,360.318
./75-23-8-q.cnf,2.68707,2.40703,2.11609,16.2536,900,220.052,900,282.863
./75-23-9-q.cnf,2.87343,2.65121,2.09018,6.31058,900,243.209,900,850.879
./75-24-1-q.cnf,3.23763,2.97773,2.13042,7.12219,900,258.09,900,887.332
./75-24-10-q.cnf,3.27625,2.9557,2.25516,14.3423,900,285.165,900,530.72
./75-24-2-q.cnf,0.00477197,0.00475706,0.189091,0.129919,900,0.148642,900,900
./75-24-3-q.cnf,3.65691,3.2971,3.09416,16.7355,900,261.916,900,900
./75-24-4-q.cnf,3.29503,2.99212,2.09249,4.32483,900,251.776,900,147.644
./75-24-5-q.cnf,3.17334,2.9092,3.08693,12.4647,900,261.707,900,900
./75-24-6-q.cnf,3.29166,2.93083,2.45159,40.6862,900,285.221,900,900
./75-24-7-q.cnf,2.9068,2.5982,2.15006,5.24932,900,250.803,900,156.732
./75-24-8-q.cnf,3.07902,2.85305,2.11739,5.93323,113.211,259.206,900,111.901
./75-24-9-q.cnf,3.12617,2.8663,2.40472,15.3711,900,281.237,900,565.936
./75-25-1-q.cnf,3.2475,3.04001,2.31885,5.06777,900,292.903,900,307.476
./75-25-10-q.cnf,3.3853,3.09574,2.28302,9.19473,900,332.367,900,791.282
./75-25-2-q.cnf,3.54286,3.34195,2.37951,7.06829,900,304.667,900,586.025
./75-25-3-q.cnf,3.49935,3.12074,2.56547,53.6988,900,338.897,900,900
./75-25-4-q.cnf,3.40747,3.16871,2.42111,13.1339,900,314.671,900,900
./75-25-5-q.cnf,3.73498,3.4656,2.55152,16.3877,900,308.273,900,900
./75-25-6-q.cnf,3.72984,3.32754,3.29346,27.015,900,307.067,900,900
./75-25-7-q.cnf,3.71338,3.18251,2.8003,29.4573,900,302.818,900,900
./75-25-8-q.cnf,4.43678,3.79344,2.62629,23.6491,900,335.772,900,900
./75-25-9-q.cnf,3.48002,3.13993,2.3148,9.45859,900,321.214,900,774.99
./75-26-1-q.cnf,3.52751,3.27067,2.44883,6.34371,900,399.144,900,899.26
./75-26-10-q.cnf,3.64767,3.48347,2.47325,8.88,900,392.394,900,900
./75-26-2-q.cnf,3.92118,3.45366,3.68954,18.1307,900,351.112,900,900
./75-26-3-q.cnf,3.90624,3.59514,2.59354,10.4337,900,375.396,900,900
./75-26-4-q.cnf,3.41914,3.17674,2.42899,8.42309,900,379.119,900,250.003
./75-26-5-q.cnf,4.20795,3.70817,4.65677,47.0719,900,358.21,900,900
./75-26-6-q.cnf,4.00792,3.66603,2.60381,14.6909,900,358.121,900,900
./75-26-7-q.cnf,3.46249,3.20554,2.31326,6.22297,900,339.855,900,377.276
./75-26-8-q.cnf,3.75563,3.39847,2.67532,71.39,900,396.119,900,900
./75-26-9-q.cnf,3.91234,3.63135,2.55619,6.34137,900,900,900,900
./90-10-1-q.cnf,0.806901,0.70586,0.49855,0.714225,0.010077,5.90993,0.0291379,0.0231881
./90-10-10-q.cnf,0.677381,0.592523,0.469057,0.801783,0.0084451,5.80059,0.0258079,0.020196
./90-10-2-q.cnf,0.00458897,0.00480195,0.179669,0.174503,900,0.13991,900,900
./90-10-3-q.cnf,0.73995,0.651154,0.468728,0.719161,0.0126011,5.52059,0.019824,0.0322229
./90-10-4-q.cnf,0.723401,0.648496,0.500435,0.64338,0.010152,5.9471,0.027378,0.0194291
./90-10-5-q.cnf,0.73399,0.647387,0.487303,0.569945,0.00809498,5.78747,0.024522,0.0188189
./90-10-6-q.cnf,0.00417898,0.00491188,0.209314,0.158324,900,0.165372,900,900
./90-10-7-q.cnf,0.760009,0.681174,0.476036,0.67139,0.0164919,4.08535,0.0235929,0.0200561
./90-10-8-q.cnf,0.00423012,0.00469007,0.209406,0.139753,900,0.149606,900,900
./90-10-9-q.cnf,0.748986,0.671758,0.467603,0.705419,0.00920703,5.41595,0.0185841,0.025784
./90-12-1-q.cnf,0.898795,0.802308,0.618723,0.87544,0.012088,10.3299,0.030834,0.021297
./90-12-10-q.cnf,0.845152,0.764457,0.591033,0.865448,0.0172189,11.9549,0.0204581,0.0328161
./90-12-2-q.cnf,0.833782,0.736803,0.588109,0.865511,0.0156569,12.2766,0.021054,0.0172341
./90-12-3-q.cnf,1.01024,0.901481,0.643946,0.962988,0.00869807,11.4676,0.020285,0.017545
./90-12-4-q.cnf,0.894024,0.797771,0.594224,0.943688,0.0189469,8.50279,0.0320221,0.025855
./90-12-5-q.cnf,0.818822,0.747467,0.592161,0.980364,0.0118199,11.2422,0.026789,0.018044
./90-12-6-q.cnf,0.921882,0.820945,0.618729,0.817229,0.017781,12.1025,0.0436771,0.0468311
./90-12-7-q.cnf,0.971446,0.872821,0.612218,0.823697,0.0842939,13.0643,0.17066,0.0713951
./90-12-8-q.cnf,0.921895,0.827296,0.630165,0.827436,0.034765,12.7179,0.0326609,0.032596
./90-12-9-q.cnf,0.00385193,0.00499594,0.173927,0.14095,900,0.167235,900,900
./90-14-1-q.cnf,1.02342,0.919236,0.745768,1.32589,0.0207371,22.615,0.0249479,0.026879
./90-14-10-q.cnf,1.19526,1.0685,0.799455,1.30511,0.0356659,24.8108,0.077956,0.0541959
./90-14-2-q.cnf,1.01004,0.906639,0.739706,1.11788,0.0203431,19.3358,0.036828,0.03603
./90-14-3-q.cnf,1.02555,0.919964,0.755763,1.27797,0.014802,22.1802,0.0185909,0.0185251
./90-14-4-q.cnf,0.00491291,0.00475292,0.202973,0.160688,900,0.155372,900,900
./90-14-5-q.cnf,1.13242,1.02099,0.746708,1.25388,0.0960061,20.0622,0.252297,0.099878
./90-14-6-q.cnf,1.03117,0.929259,0.729397,1.47702,0.032383,20.9952,0.0335339,0.055812
./90-14-7-q.cnf,1.03561,0.9418,0.758089,1.42791,0.0223451,21.501,0.040708,0.0347911
./90-14-8-q.cnf,1.08185,0.97663,0.739559,1.12798,0.0269159,20.621,0.04017,0.0441409
./90-14-9-q.cnf,1.05139,0.954587,0.758873,0.913497,0.0117629,21.7973,0.0263409,0.029549
./90-15-1-q.cnf,1.08429,0.995158,0.83321,1.1494,0.0426561,28.2821,0.0307759,0.0454031
./90-15-10-q.cnf,1.27419,1.15072,0.852466,1.61548,0.0691499,33.1168,0.0521951,0.053645
./90-15-2-q.cnf,1.24072,1.11206,0.877679,1.38596,0.233537,29.6025,1.00438,0.275684
./90-15-3-q.cnf,1.27899,1.16624,0.823264,1.40108,0.113635,31.261,0.0784101,0.117613
./90-15-4-q.cnf,1.08857,0.989345,0.853196,1.47334,0.0293611,28.1706,0.043871,0.0431211
./90-15-5-q.cnf,1.1157,1.03335,0.859779,1.65398,0.035923,31.7204,0.0358039,0.0412211
./90-15-6-q.cnf,1.20089,1.07539,0.855717,1.38789,0.0200231,30.426,0.290511,0.0327821
./90-15-7-q.cnf,1.14261,1.03812,0.853935,1.71265,0.0268211,27.929,0.0382831,0.038252
./90-15-8-q.cnf,1.16864,1.08122,0.811509,1.50713,0.0338791,28.1521,0.0662539,0.0519911
./90-15-9-q.cnf,0.00466289,0.00494811,0.189469,0.164218,900,0.130253,900,900
./90-16-1-q.cnf,1.22125,1.09329,0.891805,1.87157,0.113317,38.2836,2.14217,0.149157
./90-16-10-q.cnf,1.33886,1.23438,0.934769,1.55154,0.0285391,35.737,0.0507229,0.0509061
./90-16-2-q.cnf,1.17354,1.04764,0.868437,1.35396,0.0232569,37.4735,0.0363769,0.032587
./90-16-3-q.cnf,1.26933,1.12934,0.95901,1.35639,0.0234531,39.517,0.0340271,0.029314
./90-16-4-q.cnf,1.21993,1.08477,0.90338,1.51993,0.039383,44.0125,0.1577,0.0917671
./90-16-5-q.cnf,1.2451,1.12709,0.933278,1.30485,0.041424,38.3049,0.072705,0.033641
./90-16-6-q.cnf,1.34033,1.21238,0.938755,1.3819,0.071037,34.1431,2.47024,0.0803551
./90-16-7-q.cnf,1.17904,1.07979,0.947564,1.50526,0.062581,37.3382,0.090338,0.12252
./90-16-8-q.cnf,0.00346908,0.00418908,0.207769,0.155426,900,0.139915,900,900
./90-16-9-q.cnf,1.31913,1.19505,0.951216,1.60632,0.0402759,39.8317,0.173882,0.060868
./90-17-1-q.cnf,1.3065,1.2087,1.02193,1.63414,0.0217671,51.2616,0.0700719,0.031895
./90-17-10-q.cnf,1.34578,1.21437,1.01423,1.57718,0.017659,48.3217,0.0269779,0.0428099
./90-17-2-q.cnf,0.0049109,0.00495502,0.185343,0.155265,900,0.149377,900,900
./90-17-3-q.cnf,1.40603,1.26195,1.02021,1.81966,0.084512,50.5058,0.226874,0.076863
./90-17-4-q.cnf,1.3472,1.24603,1.04116,1.85882,0.218445,51.494,5.28772,0.213185
./90-17-5-q.cnf,1.31579,1.18825,1.01726,1.67393,0.054652,48.4024,0.138032,0.0777221
./90-17-6-q.cnf,1.48613,1.29823,1.04904,1.9349,0.0355429,45.5434,0.424639,0.060565
./90-17-7-q.cnf,0.00498295,0.00499893,0.179188,0.126833,900,0.123854,900,900
./90-17-8-q.cnf,1.45597,1.28889,1.06563,1.88124,0.044586,43.2204,0.388869,0.0950371
./90-17-9-q.cnf,1.42169,1.29944,1.07413,1.63543,0.07012,50.8109,0.280973,0.0623229
./90-18-1-q.cnf,1.61665,1.52924,1.1891,1.88671,0.180501,64.2594,0.655462,0.163145
./90-18-10-q.cnf,1.51393,1.40583,1.12696,1.91497,0.122564,64.2452,2.47745,0.162468
./90-18-2-q.cnf,1.63316,1.48223,1.14306,1.99617,0.03595,62.4903,0.0690781,0.0520269
./90-18-3-q.cnf,1.5063,1.34979,1.10396,1.56859,0.136508,64.8049,0.154598,0.15589
./90-18-4-q.cnf,1.37962,1.29023,1.10398,2.11394,0.043406,58.9625,0.127518,0.0701619
./90-18-5-q.cnf,1.61414,1.48956,1.18516,1.81772,0.14991,67.662,2.21991,0.17142
./90-18-6-q.cnf,1.56944,1.4392,1.17749,2.11325,0.0803411,56.068,0.320058,0.121579
./90-18-7-q.cnf,1.4373,1.30906,1.10087,2.08034,0.0695839,69.8469,0.162186,0.111564
./90-18-8-q.cnf,1.40535,1.33228,1.12953,1.74851,0.114301,62.7882,0.553255,0.123912
./90-18-9-q.cnf,1.51957,1.40423,1.14849,1.93406,0.031341,61.328,0.0396969,0.031119
./90-19-1-q.cnf,1.63314,1.46952,1.25221,1.86231,0.841304,84.0723,52.9892,0.889153
./90-19-10-q.cnf,1.63394,1.49089,1.31378,2.37796,0.153271,87.0795,13.4446,0.212366
./90-19-2-q.cnf,1.71106,1.56366,1.23523,2.20773,0.108262,88.9413,86.0318,0.122108
./90-19-3-q.cnf,0.00477594,0.00428596,0.204969,0.146616,900,0.141793,900,900
./90-19-4-q.cnf,1.54627,1.38901,1.22666,2.12287,0.0208031,82.5855,0.027543,0.0258071
./90-19-5-q.cnf,0.00484801,0.00503695,0.180514,0.17451,900,0.174273,900,900
./90-19-6-q.cnf,1.69988,1.57847,1.29271,2.02573,0.100675,73.9245,0.279603,0.199379
./90-19-7-q.cnf,1.63977,1.49897,1.3012,2.37827,0.222505,84.468,9.23247,0.342656
./90-19-8-q.cnf,1.6841,1.52728,1.25681,1.87778,0.0785001,91.7427,0.189979,0.125828
./90-19-9-q.cnf,0.00410204,0.00504991,0.188372,0.133678,900,0.134957,900,900
./90-20-1-q.cnf,1.75886,1.60797,1.33191,2.29142,0.03294,102.346,0.233843,0.0562301
./90-20-10-q.cnf,1.68744,1.58365,1.34727,2.17799,0.0807451,81.2042,1.19368,0.105832
./90-20-2-q.cnf,1.706,1.57791,1.34484,2.6007,0.293369,108.899,11.0013,0.403732
./90-20-3-q.cnf,1.63415,1.51598,1.36134,2.13214,0.132966,95.4818,1.16345,0.191712
./90-20-4-q.cnf,1.8623,1.75792,1.44531,2.22735,0.054117,96.623,0.220256,0.043891
./90-20-5-q.cnf,1.75723,1.59525,1.35514,2.26014,0.149087,96.0209,10.1745,0.149923
./90-20-6-q.cnf,1.81989,1.69869,1.36109,2.15875,0.026448,88.8252,0.0365759,0.0295781
./90-20-7-q.cnf,1.85635,1.69346,1.47344,2.31803,0.109584,108.075,11.2077,0.179545
./90-20-8-q.cnf,1.62452,1.49345,1.34411,2.13806,0.071105,108.901,1.33914,0.114672
./90-20-9-q.cnf,1.75276,1.61053,1.42394,2.19087,0.0493359,90.6134,0.928248,0.0764819
./90-21-1-q.cnf,1.82998,1.78889,1.51119,2.98903,0.077212,124.135,0.136725,0.148976
./90-21-10-q.cnf,1.96685,1.8541,1.46221,3.17298,0.912586,131.346,98.8192,0.812125
./90-21-2-q.cnf,2.06123,1.92748,1.44444,2.52912,0.387584,130.136,59.3498,0.558971
./90-21-3-q.cnf,1.83329,1.67655,1.50094,2.15477,0.064464,103.875,0.717255,0.083766
./90-21-4-q.cnf,0.0046729,0.0050239,0.180033,0.178282,900,0.153827,900,900
./90-21-5-q.cnf,2.02751,1.85303,1.47351,2.42497,0.110036,124.147,3.44272,0.129489
./90-21-6-q.cnf,0.00387909,0.00502998,0.179446,0.150066,900,0.158242,900,900
./90-21-7-q.cnf,1.90795,1.69267,1.46233,2.17769,0.243085,98.4144,1.87457,0.311785
./90-21-8-q.cnf,0.00476006,0.00485203,0.177339,0.145889,900,0.144783,900,900
./90-21-9-q.cnf,1.88447,1.70384,1.50395,2.83203,0.179977,124.212,6.07066,0.231478
./90-22-1-q.cnf,2.1158,2.00433,1.68791,2.5159,0.0761931,148.44,0.844715,0.116353
./90-22-10-q.cnf,2.07742,1.95598,1.61483,2.92161,0.215286,157.87,93.071,0.247984
./90-22-2-q.cnf,2.06117,1.88395,1.70564,2.63834,0.670709,158.955,120.888,0.741399
./90-22-3-q.cnf,2.03608,1.84967,1.6539,2.58077,0.145584,140.843,4.94484,0.23175
./90-22-4-q.cnf,2.10277,1.9118,1.57785,3.27058,0.086563,151.861,2.04143,0.116618
./90-22-5-q.cnf,2.08489,1.96809,1.5677,2.68975,0.281523,168.089,636.151,0.422588
./90-22-6-q.cnf,2.07003,1.87485,1.59895,2.61244,0.0659511,145.498,0.242729,0.0621749
./90-22-7-q.cnf,2.09133,1.91974,1.59863,3.00902,0.274094,146.522,52.1384,0.406053
./90-22-8-q.cnf,0.00441492,0.0050031,0.180103,0.145332,900,0.159562,900,900
./90-22-9-q.cnf,2.09379,1.96994,1.63902,2.42747,0.136842,146.932,7.04327,0.165596
./90-23-1-q.cnf,2.24488,2.0702,1.75114,3.02586,2.78446,196.349,900,2.76694
./90-23-10-q.cnf,2.18158,2.06787,1.74402,3.59995,0.102737,174.253,35.4237,0.166148
./90-23-2-q.cnf,2.40611,2.20522,1.77204,3.03346,3.34939,196.591,900,4.45441
./90-23-3-q.cnf,2.10996,1.97132,1.8146,2.74027,0.120945,184.859,2.98591,0.117971
./90-23-4-q.cnf,2.00036,1.85459,1.74832,2.65397,0.039404,167.566,0.042412,0.048747
./90-23-5-q.cnf,2.39353,2.23897,1.78067,3.22978,0.297401,195.319,404.882,0.426667
./90-23-6-q.cnf,2.15776,2.04546,1.85374,2.52472,0.061035,176.552,4.39583,0.11787
./90-23-7-q.cnf,2.37298,2.15254,1.71466,3.67654,0.152248,198.607,7.81569,0.233589
./90-23-8-q.cnf,2.2336,2.09871,1.71534,2.84844,0.26761,188.54,15.5692,0.252871
./90-23-9-q.cnf,0.00503191,0.00506202,0.177595,0.144958,900,0.165694,900,900
./90-24-1-q.cnf,0.00381498,0.00499801,0.200772,0.159614,900,0.126168,900,900
./90-24-10-q.cnf,2.33257,2.25114,1.89666,3.48741,0.1146,213.858,10.774,0.108406
./90-24-2-q.cnf,2.32773,2.19085,1.87283,3.50551,0.050859,209.34,1.27522,0.0460171
./90-24-3-q.cnf,2.35038,2.22336,1.84665,3.26984,0.20029,213.675,6.79656,0.219494
./90-24-4-q.cnf,2.49413,2.33226,1.9607,3.21993,0.21363,205.747,56.2724,0.242845
./90-24-5-q.cnf,2.37673,2.28275,1.90828,3.00013,0.129934,212.449,16.3204,0.177825
./90-24-6-q.cnf,0.00506889,0.00498411,0.202578,0.161512,900,0.125861,900,900
./90-24-7-q.cnf,2.44078,2.36411,1.98523,2.55224,0.574631,223.11,208.421,0.575244
./90-24-8-q.cnf,2.35362,2.24083,1.91919,3.63672,0.048948,223.495,0.065216,0.0588081
./90-24-9-q.cnf,2.20077,2.11403,1.91486,2.53106,0.304178,217.988,7.77946,0.287305
./90-25-1-q.cnf,2.63554,2.44846,2.01775,3.36298,0.179816,261.733,900,0.377609
./90-25-10-q.cnf,2.5236,2.31802,2.07075,3.4989,0.24583,276.013,733.059,0.254786
./90-25-2-q.cnf,2.50083,2.40602,2.07056,3.11154,0.0630749,253.474,0.208985,0.08579
./90-25-3-q.cnf,2.74675,2.63074,2.0879,3.61762,0.435167,270.139,900,0.344385
./90-25-4-q.cnf,2.63901,2.45613,2.05809,3.2858,1.1957,277.619,900,1.24906
./90-25-5-q.cnf,2.86096,2.64131,2.04731,3.46206,0.457135,251.038,900,0.645045
./90-25-6-q.cnf,2.5963,2.38277,2.01278,3.18227,0.694854,282.719,900,0.758833
./90-25-7-q.cnf,2.63563,2.41205,2.08672,4.14832,1.25223,280.774,900,1.4942
./90-25-8-q.cnf,2.50422,2.35531,2.1123,4.08149,1.49451,269.933,900,1.70141
./90-25-9-q.cnf,2.62253,2.37418,2.09111,3.92385,0.947058,288.957,900,1.32166
./90-26-1-q.cnf,0.00502902,0.00493799,0.200111,0.129834,900,0.123521,900,900
./90-26-10-q.cnf,2.83813,2.64872,2.17395,3.06968,0.3572,286.774,26.3743,0.485677
./90-26-2-q.cnf,0.00517395,0.00510208,0.186952,0.147455,900,0.135425,900,900
./90-26-3-q.cnf,2.79191,2.57204,2.14061,3.47177,1.25824,312.878,900,1.62327
./90-26-4-q.cnf,2.90218,2.77137,2.23607,3.59957,0.410167,320.156,282.831,0.526358
./90-26-5-q.cnf,2.86696,2.75573,2.28342,4.47756,0.449,325.019,161.574,0.610761
./90-26-6-q.cnf,2.93824,2.66752,2.25787,4.83571,3.03266,335.988,900,4.08547
./90-26-7-q.cnf,0.00513594,0.00503605,0.175058,0.147365,900,0.166836,900,900
./90-26-8-q.cnf,2.80977,2.61381,2.23823,3.12822,1.85745,327.489,900,1.99238
./90-26-9-q.cnf,0.00455109,0.00484495,0.195814,0.14014,900,0.167991,900,900
./90-30-1-q.cnf,3.64427,3.41241,2.99428,5.81909,9.45646,604.76,900,8.84054
./90-30-10-q.cnf,3.89482,3.75887,2.91924,4.61089,0.400831,571.259,900,0.844131
./90-30-2-q.cnf,3.67702,3.43423,2.97761,5.07117,1.9692,575.602,900,2.45784
./90-30-3-q.cnf,3.69353,3.49516,2.85619,4.46145,7.31635,596.289,900,6.82799
./90-30-4-q.cnf,3.75388,3.58953,3.10662,4.3671,0.777224,549.472,900,0.964864
./90-30-5-q.cnf,3.83607,3.72063,3.04427,5.20675,2.88528,594.092,900,3.95559
./90-30-6-q.cnf,3.73575,3.54761,2.87211,4.54832,1.4074,543.009,900,1.79371
./90-30-7-q.cnf,3.77888,3.51186,2.93782,6.25747,1.03229,571.529,900,1.31545
./90-30-8-q.cnf,3.66601,3.41733,2.92983,5.54361,8.0245,589.833,900,8.67105
./90-30-9-q.cnf,3.64433,3.43675,2.85991,5.16782,0.857076,582.027,900,1.29536
./90-34-1-q.cnf,4.75235,4.51021,3.94048,7.36337,3.97813,900,900,7.56879
./90-34-10-q.cnf,4.70436,4.46344,3.87519,7.59342,5.07777,900,900,5.88872
./90-34-2-q.cnf,4.58278,4.3581,3.75595,5.11734,9.09262,900,900,8.88242
./90-34-3-q.cnf,4.47712,4.28508,3.67663,6.69295,8.07595,900,900,8.30908
./90-34-4-q.cnf,4.71689,4.49027,3.83328,7.95589,4.37503,900,900,6.93764
./90-34-5-q.cnf,4.50408,4.37259,3.62797,6.86091,1.40891,900,900,1.64915
./90-34-6-q.cnf,4.7846,4.62833,3.64609,6.97269,1.48923,900,900,2.02886
./90-34-7-q.cnf,4.54029,4.30903,3.87118,6.05937,15.8723,900,900,17.5602
./90-34-8-q.cnf,0.005073,0.00522892,0.175886,0.175038,900,0.144161,900,900
./90-34-9-q.cnf,4.66184,4.4193,3.90878,5.41244,1.70068,900,900,2.14036
./90-38-1-q.cnf,6.03544,5.89371,4.73604,9.62598,27.8418,900,900,35.5055
./90-38-10-q.cnf,6.21901,5.86806,4.96074,8.3841,59.3115,900,900,62.4348
./90-38-2-q.cnf,6.09273,5.80565,4.78023,8.4478,8.07578,900,900,8.27982
./90-38-3-q.cnf,6.16448,6.31231,4.90003,7.25158,8.26284,900,900,9.5781
./90-38-4-q.cnf,5.88889,5.65208,4.63637,9.15708,3.15748,900,900,3.01721
./90-38-5-q.cnf,6.21795,5.90788,4.69205,8.7599,1.51691,900,900,2.44266
./90-38-6-q.cnf,5.95941,5.75102,4.67737,8.41097,13.4318,900,900,14.8289
./90-38-7-q.cnf,6.068,5.81802,4.7333,23.6638,113.636,900,900,134.162
./90-38-8-q.cnf,6.07982,5.86887,4.79962,7.14012,19.0227,900,900,13.2435
./90-38-9-q.cnf,5.64614,5.45146,4.61629,7.02919,1.07572,900,900,1.01537
./90-42-1-q.cnf,7.81908,7.40567,6.02262,12.4975,900,900,900,162.027
./90-42-10-q.cnf,7.80727,7.26669,5.90371,12.3285,900,900,900,339.5
./90-42-2-q.cnf,7.15372,6.95291,5.86268,11.7794,4.9646,900,900,4.46522
./90-42-3-q.cnf,7.93435,7.44575,5.85305,9.74229,57.2999,900,900,73.9062
./90-42-4-q.cnf,7.43394,7.15074,5.75984,12.5977,900,900,900,157.9
./90-42-5-q.cnf,7.53849,6.99383,5.81153,10.6482,13.3424,900,900,15.3201
./90-42-6-q.cnf,7.57371,7.16753,5.91462,7.89699,50.1968,900,900,53.3426
./90-42-7-q.cnf,7.52422,7.21536,6.23298,11.1519,46.4916,900,900,59.5787
./90-42-8-q.cnf,7.92335,7.5971,6.08267,8.01857,900,900,900,209.159
./90-42-9-q.cnf,7.59395,7.2818,5.72814,8.93312,900,900,900,191.773
./90-46-1-q.cnf,9.14867,8.7889,7.26154,13.1564,14.1204,900,900,14.045
./90-46-10-q.cnf,0.0050981,0.00451706,0.199732,0.130489,900,0.129497,900,900
./90-46-2-q.cnf,9.4428,8.97799,7.07701,13.6507,32.5732,900,900,38.8297
./90-46-3-q.cnf,9.30274,9.03539,7.15561,13.0196,22.4911,900,900,29.2652
./90-46-4-q.cnf,9.14931,8.77204,6.99633,15.3543,31.9578,900,900,34.1393
./90-46-5-q.cnf,9.2853,8.96511,7.02768,12.22,900,900,900,265.305
./90-46-6-q.cnf,9.19478,8.79407,6.99257,14.2625,56.3005,900,900,61.9612
./90-46-7-q.cnf,9.1199,8.83553,7.0552,15.2114,900,900,900,145.17
./90-46-8-q.cnf,9.21841,8.9287,7.07436,10.4686,53.6161,900,900,58.8545
./90-46-9-q.cnf,8.6064,8.22014,6.89635,11.9485,108.701,900,900,142.77
./90-50-1-q.cnf,11.0692,10.5573,8.48951,900,900,900,900,540.271
./90-50-10-q.cnf,11.383,11.2155,8.76573,900,900,900,900,301.636
./90-50-2-q.cnf,0.00432795,0.00543502,0.193019,0.126553,900,0.174801,900,900
./90-50-3-q.cnf,11.0235,10.3789,8.60956,900,21.7501,900,900,32.0804
./90-50-4-q.cnf,10.797,10.2196,8.38104,900,87.5877,900,900,107.166
./90-50-5-q.cnf,10.7842,10.4494,8.27318,900,117.016,900,900,123.843
./90-50-6-q.cnf,11.3054,10.9618,8.32511,900,49.4685,900,900,43.5209
./90-50-7-q.cnf,0.00535211,0.00563393,0.208775,0.154921,900,0.130731,900,900
./90-50-8-q.cnf,10.9852,10.5228,8.41881,900,2.56395,900,900,4.62934
./90-50-9-q.cnf,11.2731,10.8347,8.71786,900,900,900,900,143.157
./log-1.cnf,0.794718,0.692625,0.423162,3.75617,0.0312701,7.1055,0.0344329,0.033577
./log-2.cnf,902,902,904,17.3069,0.629726,43.4865,0.579189,0.426519
./log-3.cnf,902,902,900,11.2078,0.242694,34.8839,0.233657,0.14711
./log-4.cnf,902,902,900,10.834,4.22221,84.2542,24.2924,4.50745
./log-5.cnf,902,902,904,900,39.7396,157.572,900,65.6011
./or-100-10-1-UC-10.cnf,12.9483,5.16796,5.32379,60.6843,900,1.1758,411.95,403.358
./or-100-10-1-UC-20.cnf,0.549363,0.479841,0.256339,0.764575,0.61895,0.927441,0.530457,0.802768
./or-100-10-1-UC-30.cnf,0.55916,0.467304,0.273886,0.926279,0.0240721,0.782244,0.0254711,0.040516
./or-100-10-1-UC-40.cnf,0.481786,0.396852,0.25458,0.621182,0.00835592,0.501821,0.0222001,0.0123841
./or-100-10-1-UC-50.cnf,0.472712,0.3978,0.249114,0.547984,0.00946492,0.481143,0.0265409,0.0159341
./or-100-10-1-UC-60.cnf,0.446987,0.376388,0.224182,0.521108,0.00806693,0.454964,0.0181109,0.018493
./or-100-10-1.cnf,904,904,904,900,900,1.5491,900,900
./or-100-10-10-UC-10.cnf,904,904,181.111,694.937,900,1.28557,900,900
./or-100-10-10-UC-20.cnf,0.563116,0.471264,0.245006,0.82718,0.236748,0.979861,0.190077,0.365169
./or-100-10-10-UC-30.cnf,0.54469,0.467201,0.269629,0.841715,0.040065,0.755989,0.038334,0.069478
./or-100-10-10-UC-40.cnf,0.513685,0.427078,0.252045,0.699104,0.0169649,0.725875,0.0170471,0.025612
./or-100-10-10-UC-50.cnf,0.51678,0.422096,0.262942,0.798397,0.0159671,0.602865,0.0185749,0.0146141
./or-100-10-10-UC-60.cnf,0.444704,0.355702,0.222931,0.52972,0.00799194,0.463561,0.0256671,0.013431
./or-100-10-10.cnf,904,904,904,900,900,1.46185,900,900
./or-100-10-2-UC-10.cnf,904,904,904,900,900,1.25352,900,900
./or-100-10-2-UC-20.cnf,0.57112,0.466697,0.686921,1.18213,3.4769,1.09252,3.44187,4.71648
./or-100-10-2-UC-30.cnf,0.547803,0.437005,0.27477,0.756924,2.23136,0.922886,1.31041,2.85691
./or-100-10-2-UC-40.cnf,0.556427,0.466192,0.24407,0.818091,0.021446,0.709226,0.026217,0.025197
./or-100-10-2-UC-50.cnf,0.502731,0.435583,0.238739,0.714463,0.00809793,0.574314,0.0229679,0.0165049
./or-100-10-2-UC-60.cnf,0.453362,0.383757,0.237115,0.552931,0.0088229,0.489109,0.016142,0.0180579
./or-100-10-2.cnf,904,904,904,900,900,1.48029,900,900
./or-100-10-3-UC-10.cnf,85.4756,26.6199,90.5195,900,900,1.14942,900,900
./or-100-10-3-UC-20.cnf,0.687841,0.496458,0.327201,3.00707,57.105,1.07295,91.7562,31.3192
./or-100-10-3-UC-30.cnf,0.570226,0.466324,0.283895,0.776187,0.720113,0.822853,0.24791,0.652615
./or-100-10-3-UC-40.cnf,0.502639,0.416122,0.238894,0.743385,0.00814098,0.625269,0.0217109,0.024015
./or-100-10-3-UC-50.cnf,0.495954,0.414248,0.254585,0.60025,0.00898612,0.544554,0.022982,0.0153229
./or-100-10-3-UC-60.cnf,0.448751,0.382581,0.221417,0.577454,0.00802389,0.456275,0.0327739,0.0177529
./or-100-10-3.cnf,904,904,904,900,900,1.31816,900,900
./or-100-10-4-UC-10.cnf,904,904,904,900,900,1.20191,900,900
./or-100-10-4-UC-20.cnf,0.668167,0.518883,0.328211,1.62846,12.3731,1.05601,5.34424,11.7621
./or-100-10-4-UC-30.cnf,0.591762,0.497545,0.270628,0.829565,0.370611,0.918765,0.222237,0.548869
./or-100-10-4-UC-40.cnf,0.51343,0.432236,0.247605,0.686559,0.0216519,0.699383,0.032128,0.0259779
./or-100-10-4-UC-50.cnf,0.473182,0.397037,0.217356,0.627556,0.00841501,0.485394,0.0255149,0.0180281
./or-100-10-4-UC-60.cnf,0.429443,0.348276,0.235779,0.482037,0.00819111,0.431283,0.0250971,0.012658
./or-100-10-4.cnf,904,904,904,900,900,1.38837,900,900
./or-100-10-5-UC-10.cnf,904,34.6263,904,537.077,900,1.20206,900,900
./or-100-10-5-UC-20.cnf,0.650513,0.528354,1.1788,1.52842,41.2754,1.07778,20.9668,38.1339
./or-100-10-5-UC-30.cnf,0.570474,0.46194,0.255374,0.912058,0.448268,0.914157,0.563111,0.473162
./or-100-10-5-UC-40.cnf,0.535318,0.453825,0.260391,0.775163,0.0402301,0.782146,0.06737,0.052656
./or-100-10-5-UC-50.cnf,0.528257,0.451531,0.232702,0.786505,0.00891704,0.64826,0.0253261,0.017078
./or-100-10-5-UC-60.cnf,0.444505,0.368254,0.231279,0.588574,0.0142231,0.50768,0.0166679,0.097952
./or-100-10-5.cnf,904,904,904,900,900,1.33929,900,900
./or-100-10-6-UC-10.cnf,904,44.5569,70.618,550.46,900,1.21368,900,900
./or-100-10-6-UC-20.cnf,0.622765,0.497855,0.295448,1.09575,7.18185,0.99094,3.82925,8.90233
./or-100-10-6-UC-30.cnf,0.539812,0.439656,0.256971,0.793141,0.106713,0.856874,0.127087,0.116637
./or-100-10-6-UC-40.cnf,0.500741,0.423084,0.256514,0.789353,0.00910195,0.671236,0.0241431,0.0417339
./or-100-10-6-UC-50.cnf,0.494691,0.400916,0.258394,0.589732,0.00759299,0.628547,0.024441,0.015383
./or-100-10-6-UC-60.cnf,0.439199,0.355809,0.223999,0.596377,0.00813205,0.544874,0.0178871,0.0119141
./or-100-10-6.cnf,904,904,904,900,900,1.36945,900,900
./or-100-10-7-UC-10.cnf,20.9879,8.17761,7.57052,181.623,900,1.19937,900,362.734
./or-100-10-7-UC-20.cnf,0.588441,0.476594,0.277304,1.40745,7.16365,1.1256,17.0467,7.78395
./or-100-10-7-UC-30.cnf,0.52371,0.42741,0.267112,0.851423,0.194805,0.907906,0.222992,0.267955
./or-100-10-7-UC-40.cnf,0.516803,0.404384,0.244358,0.719762,0.064699,0.834751,0.0884779,0.076313
./or-100-10-7-UC-50.cnf,0.469893,0.402265,0.228672,0.770344,0.0089661,0.62476,0.0263931,0.0164871
./or-100-10-7-UC-60.cnf,0.481442,0.415629,0.259294,0.633486,0.00830309,0.536209,0.017199,0.017173
./or-100-10-7.cnf,904,904,904,900,900,1.42631,900,900
./or-100-10-8-UC-10.cnf,13.413,5.22118,5.08684,104.315,900,1.13698,510.8,900
./or-100-10-8-UC-20.cnf,0.578181,0.486865,0.307794,1.03434,1.61203,1.05217,2.23877,1.84588
./or-100-10-8-UC-30.cnf,0.534693,0.436801,0.262424,0.878062,0.869093,0.921501,0.547376,1.37337
./or-100-10-8-UC-40.cnf,0.566368,0.48484,0.297771,0.968748,0.0230041,0.771355,0.035362,0.029445
./or-100-10-8-UC-50.cnf,0.551335,0.472651,0.262293,0.778091,0.0111161,0.706713,0.019069,0.0220389
./or-100-10-8-UC-60.cnf,0.510943,0.436589,0.243726,0.611356,0.008295,0.618292,0.0211031,0.01599
./or-100-10-8.cnf,904,904,904,900,900,1.35338,900,900
./or-100-10-9-UC-10.cnf,904,904,904,900,900,1.34012,900,900
./or-100-10-9-UC-20.cnf,1.20345,0.72902,4.38545,5.45268,900,1.13531,73.8532,123.936
./or-100-10-9-UC-30.cnf,0.582465,0.480441,0.314915,1.07136,2.35872,0.973456,2.95372,2.99298
./or-100-10-9-UC-40.cnf,0.559341,0.459385,0.35384,0.753703,0.380107,1.03869,0.696655,0.510443
./or-100-10-9-UC-50.cnf,0.483005,0.401476,0.220756,0.67961,0.058682,0.638491,0.0500409,0.057428
./or-100-10-9-UC-60.cnf,0.511232,0.435398,0.22688,0.639206,0.00891709,0.707196,0.024695,0.0190211
./or-100-10-9.cnf,904,904,904,900,900,1.40678,900,900
./or-100-20-1-UC-10.cnf,904,904,904,900,900,1.28625,900,900
./or-100-20-1-UC-20.cnf,26.312,9.65767,10.0292,282.573,900,1.10013,900,900
./or-100-20-1-UC-30.cnf,36.028,13.0825,14.111,228.621,900,1.11014,840.995,900
./or-100-20-1-UC-40.cnf,0.529191,0.416935,0.245484,0.791064,0.627109,0.868007,0.140753,0.848144
./or-100-20-1-UC-50.cnf,0.488193,0.409545,0.239588,0.749975,0.0138079,0.675057,0.0207311,0.023166
./or-100-20-1-UC-60.cnf,0.483973,0.38568,0.21773,0.668125,0.00827089,0.610271,0.0197781,0.0189291
./or-100-20-1.cnf,904,904,904,900,900,1.45359,900,900
./or-100-20-10-UC-10.cnf,904,904,904,900,900,1.3609,900,900
./or-100-20-10-UC-20.cnf,2.61831,1.3132,1.03923,12.426,98.1291,1.06284,139.934,87.401
./or-100-20-10-UC-30.cnf,0.631514,0.492926,0.318425,1.17078,9.52836,1.01035,7.49776,8.33835
./or-100-20-10-UC-40.cnf,0.553793,0.443197,0.290188,1.04612,5.35224,0.958777,2.49833,6.1325
./or-100-20-10-UC-50.cnf,0.511651,0.397896,0.231741,0.659778,0.173935,0.786686,0.132311,0.14039
./or-100-20-10-UC-60.cnf,0.503136,0.41738,0.238446,0.592017,0.0373281,0.641212,0.0480291,0.0408469
./or-100-20-10.cnf,904,904,904,900,900,1.40049,900,900
./or-100-20-2-UC-10.cnf,904,904,93.3785,152.495,900,1.08695,888.996,900
./or-100-20-2-UC-20.cnf,7.24011,3.07545,2.90679,46.1053,900,1.14206,83.0787,481.61
./or-100-20-2-UC-30.cnf,0.818076,0.592887,4.23643,2.1005,15.5539,0.902424,9.82116,16.337
./or-100-20-2-UC-40.cnf,0.510465,0.436053,0.234041,0.738301,0.0819701,0.781854,0.057084,0.11179
./or-100-20-2-UC-50.cnf,1.95277,1.23562,1.71752,5.90255,39.3911,0.929053,57.4841,39.7401
./or-100-20-2-UC-60.cnf,1.02003,0.700749,0.520586,1.7535,8.46815,0.925632,10.9798,7.52518
./or-100-20-2.cnf,904,904,904,900,900,1.3905,900,900
./or-100-20-3-UC-10.cnf,904,904,904,900,900,1.28406,900,900
./or-100-20-3-UC-20.cnf,904,904,904,900,900,1.2307,900,900
./or-100-20-3-UC-30.cnf,2.50282,1.30101,1.15811,17.6392,70.7702,1.07742,39.6738,67.7582
./or-100-20-3-UC-40.cnf,0.54133,0.438279,0.31148,1.34142,4.42078,0.94476,4.09146,5.11701
./or-100-20-3-UC-50.cnf,0.516681,0.423494,0.238057,0.653452,0.016863,0.570994,0.0169001,0.036889
./or-100-20-3-UC-60.cnf,0.470656,0.38912,0.249496,0.547812,0.00804196,0.49659,0.022127,0.013773
./or-100-20-3.cnf,904,904,904,900,900,1.39172,900,900
./or-100-20-4-UC-10.cnf,904,44.9917,69.8328,442.567,900,1.26319,900,900
./or-100-20-4-UC-20.cnf,0.963281,0.614409,0.425946,3.49351,73.7578,1.06082,75.9709,67.1178
./or-100-20-4-UC-30.cnf,2.35303,1.22731,3.68856,21.5882,900,1.04355,403.333,197.159
./or-100-20-4-UC-40.cnf,0.544203,0.44493,0.293265,0.882751,1.75889,0.852271,2.85338,1.72424
./or-100-20-4-UC-50.cnf,0.479114,0.421395,0.233081,0.793688,0.136486,0.825472,0.161448,0.104188
./or-100-20-4-UC-60.cnf,0.500399,0.402158,0.221477,0.608103,0.0725959,0.756047,0.081473,0.0772281
./or-100-20-4.cnf,904,904,904,900,900,1.35047,900,900
./or-100-20-5-UC-10.cnf,904,904,904,892.077,900,1.28528,900,900
./or-100-20-5-UC-20.cnf,8.96023,3.82729,4.40263,37.2946,900,1.13863,670.193,267.966
./or-100-20-5-UC-30.cnf,0.917415,0.628861,0.455089,2.62908,19.5227,0.946773,15.1542,17.6477
./or-100-20-5-UC-40.cnf,0.510954,0.419014,0.239886,0.802444,0.244028,0.846711,0.148552,0.256583
./or-100-20-5-UC-50.cnf,0.500078,0.408838,0.268151,0.635975,0.0196521,0.759709,0.0336399,0.032153
./or-100-20-5-UC-60.cnf,0.446213,0.382212,0.229849,0.64318,0.00944389,0.607735,0.028684,0.122336
./or-100-20-5.cnf,904,904,904,900,900,1.33199,900,900
./or-100-20-6-UC-10.cnf,904,904,904,900,900,1.28745,900,900
./or-100-20-6-UC-20.cnf,4.13611,2.05117,1.93409,13.1933,900,1.11198,151.599,229.791
./or-100-20-6-UC-30.cnf,0.538206,0.435186,0.257564,0.984049,2.59142,0.935177,1.14607,3.24909
./or-100-20-6-UC-40.cnf,0.534595,0.436727,0.366167,0.682988,0.811316,0.937676,0.289876,0.830569
./or-100-20-6-UC-50.cnf,0.514253,0.436369,0.233124,0.675284,0.138127,0.775769,0.082004,0.202334
./or-100-20-6-UC-60.cnf,0.458795,0.368995,0.245406,0.566629,0.00817395,0.543652,0.0186589,0.0188189
./or-100-20-6.cnf,904,904,904,900,900,1.31955,900,900
./or-100-20-7-UC-10.cnf,66.1135,22.4248,904,525.967,900,1.21857,900,900
./or-100-20-7-UC-20.cnf,2.48753,1.30642,1.15773,14.5589,900,1.11074,503.189,131.787
./or-100-20-7-UC-30.cnf,0.590356,0.502557,0.300868,0.990477,4.87402,0.907526,4.6126,5.00235
./or-100-20-7-UC-40.cnf,0.580185,0.471511,0.314603,1.02195,3.36905,0.842113,2.50417,3.90526
./or-100-20-7-UC-50.cnf,0.537153,0.441688,0.258528,0.746947,0.218862,0.768583,0.116718,0.288417
./or-100-20-7-UC-60.cnf,0.511031,0.432818,0.246637,0.700808,0.014582,0.679148,0.0226171,0.029898
./or-100-20-7.cnf,904,904,904,900,900,1.30201,900,900
./or-100-20-8-UC-10.cnf,904,904,904,900,900,1.29419,900,900
./or-100-20-8-UC-20.cnf,1.63235,0.856885,0.742879,8.46384,101.532,1.01079,72.6376,89.0286
./or-100-20-8-UC-30.cnf,1.33629,0.868253,0.615782,2.77558,48.2608,1.00691,31.6774,47.949
./or-100-20-8-UC-40.cnf,0.583149,0.466894,0.293716,1.01526,2.26318,0.927056,1.26727,2.37603
./or-100-20-8-UC-50.cnf,0.520547,0.441809,0.213765,0.809397,0.047555,0.732364,0.075466,0.087503
./or-100-20-8-UC-60.cnf,0.491991,0.399788,0.235514,0.718136,0.0224559,0.646548,0.0270561,0.0345821
./or-100-20-8.cnf,904,904,904,900,900,1.32021,900,900
./or-100-20-9-UC-10.cnf,904,904,904,704.71,900,1.21538,900,900
./or-100-20-9-UC-20.cnf,1.26555,0.756156,40.4741,11.2629,900,1.08908,172.976,110.779
./or-100-20-9-UC-30.cnf,0.614034,0.488351,0.299722,1.10265,5.08214,0.960015,3.73839,7.32065
./or-100-20-9-UC-40.cnf,0.49373,0.415255,0.255116,0.621054,0.0131141,0.676658,0.020257,0.0202751
./or-100-20-9-UC-50.cnf,0.454668,0.375797,0.234021,0.662535,0.00795489,0.577184,0.0263741,0.013318
./or-100-20-9-UC-60.cnf,0.485429,0.39135,0.25685,0.598146,0.00813404,0.536708,0.022156,0.0189911
./or-100-20-9.cnf,904,904,904,900,900,1.36284,900,900
./or-100-5-1-UC-10.cnf,1.18918,0.694376,2.63073,3.7786,900,1.14985,35.6909,314.321
./or-100-5-1-UC-20.cnf,0.542065,0.457568,0.286644,0.707512,0.269368,0.822121,0.134175,0.369175
./or-100-5-1-UC-30.cnf,0.484395,0.401545,0.242733,0.726416,0.0132129,0.704931,0.022864,0.027982
./or-100-5-1-UC-40.cnf,0.473326,0.380216,0.229846,0.600836,0.0143061,0.60413,0.0183999,0.0132689
./or-100-5-1-UC-50.cnf,0.438415,0.366939,0.218693,0.541712,0.00775301,0.441232,0.0235131,0.0139201
./or-100-5-1-UC-60.cnf,0.439562,0.365366,0.221797,0.517519,0.00756211,0.437128,0.0249729,0.0224751
./or-100-5-1.cnf,904,904,904,900,900,1.26027,900,900
./or-100-5-10-UC-10.cnf,1.78256,0.964597,0.756641,15.9309,900,1.1543,317.538,547.391
./or-100-5-10-UC-20.cnf,0.559707,0.46389,0.289593,0.743186,0.58812,0.963521,0.337347,0.796243
./or-100-5-10-UC-30.cnf,0.540857,0.444183,0.253129,0.757973,0.00926288,0.751193,0.0240301,0.029914
./or-100-5-10-UC-40.cnf,0.493093,0.403844,0.255324,0.607012,0.00641908,0.554289,0.0160789,0.0124349
./or-100-5-10-UC-50.cnf,0.452173,0.387958,0.225913,0.547998,0.00888296,0.474487,0.0257261,0.0187491
./or-100-5-10-UC-60.cnf,0.398138,0.334902,0.191561,0.491912,0.00836403,0.403717,0.0262239,0.012216
./or-100-5-10.cnf,904,904,904,900,900,1.44502,900,900
./or-100-5-2-UC-10.cnf,8.83393,3.8201,340.748,79.0552,900,1.25164,900,900
./or-100-5-2-UC-20.cnf,0.58518,0.504566,0.293071,1.06762,1.80737,1.00657,2.19539,2.2649
./or-100-5-2-UC-30.cnf,0.605581,0.497941,0.272407,0.753584,0.408442,1.00739,0.111757,0.64006
./or-100-5-2-UC-40.cnf,0.545972,0.453536,0.265426,0.724522,0.015703,0.690646,0.032514,0.0386179
./or-100-5-2-UC-50.cnf,0.508347,0.421835,0.247558,0.670974,0.00819704,0.602207,0.0265069,0.0239161
./or-100-5-2-UC-60.cnf,0.459669,0.361444,0.233789,0.656102,0.00820788,0.482818,0.0252279,0.020824
./or-100-5-2.cnf,904,904,904,900,900,1.33109,900,900
./or-100-5-3-UC-10.cnf,0.594002,0.517448,0.315965,1.0452,1.51667,0.995145,1.6922,2.04716
./or-100-5-3-UC-20.cnf,0.535408,0.434456,0.250445,0.865682,0.0563191,0.836118,0.033263,0.055029
./or-100-5-3-UC-30.cnf,0.553694,0.460654,0.257398,1.02882,0.039832,0.791856,0.0350849,0.0483169
./or-100-5-3-UC-40.cnf,0.554198,0.46854,0.239888,0.940431,0.0162169,0.68629,0.024228,0.0170389
./or-100-5-3-UC-50.cnf,0.532359,0.432487,0.257449,0.731718,0.00969902,0.686532,0.027285,0.0148019
./or-100-5-3-UC-60.cnf,0.465179,0.365638,0.226503,0.473989,0.00839605,0.479234,0.0166179,0.0143831
./or-100-5-3.cnf,904,904,904,900,900,1.32303,900,900
./or-100-5-4-UC-10.cnf,28.4893,12.6279,18.2676,132.182,900,1.13812,900,366.061
./or-100-5-4-UC-20.cnf,5.62356,2.64438,40.6441,56.6032,900,1.1717,238.184,797.18
./or-100-5-4-UC-30.cnf,0.543764,0.448271,0.259899,0.715283,0.094516,0.80327,0.077867,0.127525
./or-100-5-4-UC-40.cnf,0.527544,0.438036,0.243409,0.737539,0.013055,0.630686,0.042961,0.027147
./or-100-5-4-UC-50.cnf,0.452228,0.378709,0.230324,0.586185,0.00885011,0.456905,0.0188519,0.0133199
./or-100-5-4-UC-60.cnf,0.469208,0.364958,0.234743,0.555278,0.00822999,0.499488,0.023437,0.014727
./or-100-5-4.cnf,904,904,904,900,900,1.39164,900,900
./or-100-5-5-UC-10.cnf,904,904,904,900,900,1.22765,900,900
./or-100-5-5-UC-20.cnf,0.596549,0.46735,0.298385,1.29179,9.44875,1.07555,9.44571,10.5161
./or-100-5-5-UC-30.cnf,0.531816,0.4465,0.25711,0.842267,0.090426,0.870697,0.099048,0.135265
./or-100-5-5-UC-40.cnf,0.56674,0.466551,0.27473,0.790179,0.013969,0.691957,0.024728,0.018651
./or-100-5-5-UC-50.cnf,0.520434,0.427949,0.265317,0.65528,0.0148041,0.613847,0.0178499,0.0184871
./or-100-5-5-UC-60.cnf,0.524749,0.426611,0.253294,0.695196,0.0085091,0.602323,0.0200269,0.0158069
./or-100-5-5.cnf,904,904,904,900,900,1.47228,900,900
./or-100-5-6-UC-10.cnf,0.781337,0.570968,0.398526,2.8335,30.8631,1.13335,16.6647,38.7387
./or-100-5-6-UC-20.cnf,0.563139,0.465563,0.243296,1.00637,0.207922,0.89987,0.0403659,0.285135
./or-100-5-6-UC-30.cnf,0.574782,0.48195,0.291638,0.8905,0.00912805,0.703693,0.017696,0.0168459
./or-100-5-6-UC-40.cnf,0.524664,0.456254,0.268495,0.647913,0.00807408,0.575168,0.0208,0.026612
./or-100-5-6-UC-50.cnf,0.485697,0.410203,0.254134,0.6672,0.0079351,0.550194,0.025683,0.0125881
./or-100-5-6-UC-60.cnf,0.466678,0.376304,0.201578,0.582612,0.00796297,0.453559,0.0236891,0.012639
./or-100-5-6.cnf,904,904,904,900,900,1.37344,900,900
./or-100-5-7-UC-10.cnf,2.61768,1.24822,39.4332,8.5831,900,1.1515,254.404,181.768
./or-100-5-7-UC-20.cnf,0.621684,0.494448,0.27475,1.31686,18.9681,1.02393,7.49079,21.7183
./or-100-5-7-UC-30.cnf,0.551743,0.457624,9.85802,0.799561,0.071671,0.830798,0.065182,0.097416
./or-100-5-7-UC-40.cnf,0.562789,0.45411,0.264748,0.713257,0.00897596,0.600054,0.023073,0.0234271
./or-100-5-7-UC-50.cnf,0.504669,0.4275,0.275818,0.628204,0.010669,0.531601,0.0164699,0.020678
./or-100-5-7-UC-60.cnf,0.456946,0.3727,0.232441,0.524003,0.00804912,0.428118,0.026079,0.017283
./or-100-5-7.cnf,904,904,904,900,900,1.4156,900,900
./or-100-5-8-UC-10.cnf,904,904,904,478.785,900,1.33471,900,900
./or-100-5-8-UC-20.cnf,0.567963,0.457989,0.36131,1.12427,1.98889,1.03365,0.714262,2.46751
./or-100-5-8-UC-30.cnf,0.545985,0.460223,0.258347,0.848183,0.074062,0.769128,0.0327299,0.0846991
./or-100-5-8-UC-40.cnf,0.532249,0.452867,0.241405,0.704268,0.00901908,0.56909,0.035391,0.0164239
./or-100-5-8-UC-50.cnf,0.472763,0.39416,0.239001,0.479633,0.00802401,0.484878,0.0234801,0.012565
./or-100-5-8-UC-60.cnf,0.437091,0.323855,0.196894,0.549121,0.014627,0.372957,0.0161859,0.012932
./or-100-5-8.cnf,904,904,904,900,900,1.40512,900,900
./or-100-5-9-UC-10.cnf,2.70385,1.3231,0.901167,13.6401,900,1.09601,270.555,124.637
./or-100-5-9-UC-20.cnf,0.534423,0.45029,0.236922,0.941253,1.77847,0.892179,2.95931,2.36679
./or-100-5-9-UC-30.cnf,0.561356,0.48031,0.242346,0.746738,0.012258,0.69463,0.0392569,0.021297
./or-100-5-9-UC-40.cnf,0.466925,0.391879,0.24184,0.575361,0.00759604,0.48929,0.0208421,0.0169079
./or-100-5-9-UC-50.cnf,0.504091,0.413726,0.263273,0.578624,0.00819401,0.481863,0.0164259,0.013638
./or-100-5-9-UC-60.cnf,0.464687,0.385007,0.228455,0.502137,0.00821309,0.517926,0.0161561,0.013713
./or-100-5-9.cnf,904,904,904,900,900,1.2697,900,900
./or-50-10-1-UC-10.cnf,0.487432,0.380567,0.25028,0.778742,2.84884,0.43579,0.665359,3.96151
./or-50-10-1-UC-20.cnf,0.482539,0.379056,0.217052,0.545343,0.0181329,0.343676,0.0338609,0.0283611
./or-50-10-1-UC-30.cnf,0.43433,0.351385,0.214004,0.527374,0.0085569,0.289923,0.017286,0.0142729
./or-50-10-1-UC-40.cnf,0.424233,0.355413,0.207601,0.391558,0.0190731,0.233601,0.0161399,0.017605
./or-50-10-1.cnf,2.68827,1.32254,1.29144,2.85825,900,0.481936,7.56551,76.0023
./or-50-10-10-UC-10.cnf,0.48574,0.416308,0.244301,0.598545,0.091205,0.411657,0.0890139,0.12029
./or-50-10-10-UC-20.cnf,0.481377,0.386483,0.217416,0.52775,0.0145879,0.310278,0.01671,0.01635
./or-50-10-10-UC-30.cnf,0.459116,0.382287,0.243463,0.390141,0.00795891,0.309985,0.02361,0.013655
./or-50-10-10-UC-40.cnf,0.46655,0.363842,0.229882,0.372343,0.00806397,0.247901,0.0258679,0.01275
./or-50-10-10.cnf,3.95804,1.75715,1.66957,5.62475,70.8999,0.487674,18.4738,72.2368
./or-50-10-2-UC-10.cnf,0.499992,0.40234,0.2463,0.54881,0.047406,0.414588,0.0421389,0.0847921
./or-50-10-2-UC-20.cnf,0.481929,0.396086,0.216445,0.597078,0.0241511,0.310663,0.0293609,0.0191099
./or-50-10-2-UC-30.cnf,0.459875,0.387981,0.241014,0.539508,0.014528,0.287761,0.0278201,0.014281
./or-50-10-2-UC-40.cnf,0.436915,0.349848,0.223323,0.455404,0.0103991,0.225667,0.017419,0.018545
./or-50-10-2.cnf,0.665172,0.461613,0.333668,2.17049,9.41633,0.507976,2.69383,10.8869
./or-50-10-3-UC-10.cnf,0.483656,0.394568,0.245334,0.631879,0.411219,0.475743,0.197769,0.556417
./or-50-10-3-UC-20.cnf,0.464762,0.377755,0.242842,0.545941,0.162907,0.396292,0.147177,0.257752
./or-50-10-3-UC-30.cnf,0.492661,0.392882,0.235729,0.593255,0.024603,0.329114,0.0286159,0.0199419
./or-50-10-3-UC-40.cnf,0.450279,0.35705,0.231442,0.403134,0.00915491,0.281417,0.016762,0.012954
./or-50-10-3.cnf,1.13331,0.640785,0.641606,3.38187,69.0672,0.467751,12.8325,80.6031
./or-50-10-4-UC-10.cnf,0.463122,0.369948,0.249104,0.696045,0.798856,0.414968,0.396396,0.96507
./or-50-10-4-UC-20.cnf,0.482374,0.396285,0.251226,0.565195,0.134983,0.389709,0.0814449,0.138632
./or-50-10-4-UC-30.cnf,0.467049,0.383634,0.214942,0.582915,0.0237079,0.381899,0.020354,0.0219631
./or-50-10-4-UC-40.cnf,0.466747,0.376152,0.221113,0.611616,0.010648,0.299474,0.0254089,0.0176019
./or-50-10-4.cnf,1.79422,0.893075,0.784656,2.81126,80.4293,0.507816,13.0978,90.3952
./or-50-10-5-UC-10.cnf,0.516043,0.417044,0.259543,0.72096,0.550462,0.453041,0.340758,0.65571
./or-50-10-5-UC-20.cnf,0.474338,0.378357,0.243634,0.644017,0.312051,0.417834,0.174659,0.402181
./or-50-10-5-UC-30.cnf,0.46647,0.373837,0.214736,0.608641,0.124915,0.404538,0.0926111,0.150399
./or-50-10-5-UC-40.cnf,0.508261,0.40995,0.224495,0.568254,0.025984,0.382909,0.0234759,0.033108
./or-50-10-5.cnf,1.69871,0.836915,0.61119,3.59719,21.6837,0.493524,10.697,21.702
./or-50-10-6-UC-10.cnf,0.475179,0.391893,0.252692,0.737368,0.802835,0.38635,0.248585,0.901531
./or-50-10-6-UC-20.cnf,0.457494,0.389747,0.248915,0.729335,0.0708899,0.364074,0.061226,0.05862
./or-50-10-6-UC-30.cnf,0.469815,0.390917,0.24814,0.657785,0.0726791,0.334488,0.076369,0.0835129
./or-50-10-6-UC-40.cnf,0.446144,0.365901,0.207633,0.368735,0.00795404,0.256102,0.016587,0.015854
./or-50-10-6.cnf,3.01422,1.26506,1.29634,3.39934,56.1024,0.48626,12.5095,68.3394
./or-50-10-7-UC-10.cnf,1.09227,0.642901,2.64548,2.26701,8.08343,0.556175,5.12347,9.99534
./or-50-10-7-UC-20.cnf,0.444648,0.367547,0.231465,0.587474,0.197404,0.448028,0.0906259,0.272619
./or-50-10-7-UC-30.cnf,0.472492,0.391592,0.227893,0.536524,0.00808491,0.284629,0.0189239,0.0139211
./or-50-10-7-UC-40.cnf,0.426841,0.356754,0.215418,0.409556,0.0147219,0.276866,0.016483,0.0201219
./or-50-10-7.cnf,2.54985,1.17289,10.8963,12.235,56.1958,0.50557,13.4263,59.4345
./or-50-10-8-UC-10.cnf,0.510083,0.441195,0.244411,0.649233,0.089912,0.408338,0.0487669,0.075891
./or-50-10-8-UC-20.cnf,0.465521,0.368501,0.23471,0.56035,0.00746805,0.30508,0.024056,0.034012
./or-50-10-8-UC-30.cnf,0.444931,0.359882,0.211657,0.406103,0.00787203,0.201029,0.0240009,0.0129601
./or-50-10-8-UC-40.cnf,0.400513,0.330787,0.213433,0.397671,0.00806408,0.19691,0.0263479,0.0184641
./or-50-10-8.cnf,2.4108,1.11333,2.22665,12.3575,900,0.487186,13.2589,356.271
./or-50-10-9-UC-10.cnf,0.509079,0.417428,0.266516,0.628941,1.56434,0.440695,0.660591,1.62274
./or-50-10-9-UC-20.cnf,0.48918,0.399905,0.247312,0.579788,0.121169,0.395334,0.126445,0.15877
./or-50-10-9-UC-30.cnf,0.50548,0.428551,0.229498,0.658967,0.00906899,0.330779,0.027869,0.026082
./or-50-10-9-UC-40.cnf,0.501222,0.409715,0.211794,0.541439,0.00898504,0.351642,0.0253831,0.0194041
./or-50-10-9.cnf,3.50313,1.47447,1.48852,2.9378,59.3485,0.558131,10.3928,60.3779
./or-50-20-1-UC-10.cnf,0.761998,0.515366,0.343303,1.72943,10.1257,0.47575,3.94172,11.8815
./or-50-20-1-UC-20.cnf,0.489984,0.403984,0.218491,0.492775,0.205444,0.386024,0.217696,0.260133
./or-50-20-1-UC-30.cnf,0.465942,0.403241,0.232036,0.655092,0.0310771,0.357532,0.0586471,0.046231
./or-50-20-1-UC-40.cnf,0.439509,0.347992,0.203354,0.498479,0.00904094,0.293454,0.0187501,0.0175251
./or-50-20-1.cnf,2.15651,1.04703,0.885565,4.34831,58.9258,0.519669,15.0488,68.5144
./or-50-20-10-UC-10.cnf,0.495957,0.404444,0.307012,0.825404,1.02185,0.454315,0.497559,1.18202
./or-50-20-10-UC-20.cnf,0.487024,0.404051,0.292206,0.605209,0.255348,0.380305,0.180392,0.259584
./or-50-20-10-UC-30.cnf,0.481107,0.394547,0.231361,0.606837,0.0850029,0.409427,0.060377,0.096031
./or-50-20-10-UC-40.cnf,0.457402,0.389503,0.226641,0.49954,0.0238431,0.317989,0.0335659,0.0473189
./or-50-20-10.cnf,3.85754,1.65728,42.6613,3.20979,43.2787,0.494025,21.1658,41.6829
./or-50-20-2-UC-10.cnf,1.35416,0.73189,0.865589,1.98909,71.8285,0.471195,5.95203,76.6645
./or-50-20-2-UC-20.cnf,0.500335,0.405244,0.258341,0.744267,0.877459,0.462801,0.427756,1.0818
./or-50-20-2-UC-30.cnf,0.465306,0.386817,0.251239,0.577571,0.0720231,0.38544,0.0787391,0.112914
./or-50-20-2-UC-40.cnf,0.439201,0.363153,0.198599,0.606358,0.0431259,0.396712,0.0575449,0.034278
./or-50-20-2.cnf,1.33341,0.710337,0.83622,1.99101,12.3638,0.579773,6.14444,13.2452
./or-50-20-3-UC-10.cnf,0.658054,0.484505,0.37577,1.23944,5.37059,0.442349,2.25902,7.51725
./or-50-20-3-UC-20.cnf,0.446278,0.371848,0.220831,0.570293,0.0307451,0.339713,0.030798,0.0698671
./or-50-20-3-UC-30.cnf,0.490741,0.402753,0.244376,0.490297,0.00903795,0.319837,0.02583,0.0302899
./or-50-20-3-UC-40.cnf,0.514403,0.423684,0.242429,0.477463,0.010818,0.326569,0.0242891,0.0237969
./or-50-20-3.cnf,1.70358,0.867219,0.813312,3.23235,32.1755,0.485554,5.85187,36.8947
./or-50-20-4-UC-10.cnf,0.450521,0.356662,0.242774,0.673535,0.251887,0.439605,0.116448,0.306944
./or-50-20-4-UC-20.cnf,0.500129,0.398647,0.247266,0.606742,0.178117,0.40478,0.0422421,0.214714
./or-50-20-4-UC-30.cnf,0.470116,0.385515,0.23902,0.596519,0.089102,0.421389,0.0461669,0.139496
./or-50-20-4-UC-40.cnf,0.449099,0.370464,0.231396,0.524955,0.0448709,0.39769,0.0271849,0.0503729
./or-50-20-4.cnf,0.719962,0.492546,0.387065,1.58199,13.1439,0.521069,2.68981,29.0259
./or-50-20-5-UC-10.cnf,0.499515,0.402545,0.266482,0.90972,3.60514,0.428941,0.663484,4.51148
./or-50-20-5-UC-20.cnf,0.486119,0.414351,0.264373,0.794026,0.936431,0.439624,0.329534,1.0826
./or-50-20-5-UC-30.cnf,0.454244,0.365151,0.220852,0.615818,0.075456,0.401401,0.043056,0.0511069
./or-50-20-5-UC-40.cnf,0.477674,0.400234,0.229932,0.610528,0.0393999,0.324061,0.0242891,0.0368751
./or-50-20-5.cnf,4.40853,1.98906,1.88032,8.56027,75.3788,0.541776,13.9391,82.6789
./or-50-20-6-UC-10.cnf,0.46279,0.392313,0.242577,0.78463,3.48915,0.494024,0.941296,4.62032
./or-50-20-6-UC-20.cnf,0.457268,0.361734,0.224322,0.614313,0.194761,0.366106,0.113026,0.175592
./or-50-20-6-UC-30.cnf,0.469732,0.384137,0.239227,0.5949,0.025412,0.317404,0.0227761,0.0611339
./or-50-20-6-UC-40.cnf,0.434775,0.354208,0.211122,0.477148,0.00787889,0.27737,0.0167631,0.0128531
./or-50-20-6.cnf,1.2031,0.678502,0.53669,2.74124,41.5982,0.503697,12.5566,43.0273
./or-50-20-7-UC-10.cnf,0.468788,0.381254,0.229559,0.657673,0.925798,0.443131,0.468802,0.984148
./or-50-20-7-UC-20.cnf,0.470231,0.383127,0.237236,0.596955,0.068596,0.372359,0.076094,0.111147
./or-50-20-7-UC-30.cnf,0.434299,0.366523,0.212841,0.592021,0.021754,0.38371,0.0476071,0.026646
./or-50-20-7-UC-40.cnf,0.437897,0.363071,0.208066,0.492009,0.0149281,0.289644,0.018398,0.028514
./or-50-20-7.cnf,4.61318,1.99849,1.99948,7.12012,53.5574,0.46604,14.6228,54.4257
./or-50-20-8-UC-10.cnf,0.505562,0.41845,0.267722,0.760622,0.244696,0.39278,0.240786,0.332109
./or-50-20-8-UC-20.cnf,0.464304,0.369812,0.234822,0.70634,0.06929,0.391767,0.079414,0.149238
./or-50-20-8-UC-30.cnf,0.462189,0.368285,0.204116,0.535301,0.0205261,0.323324,0.0239921,0.0221381
./or-50-20-8-UC-40.cnf,0.450433,0.376309,0.209809,0.538576,0.017727,0.307957,0.0199529,0.024599
./or-50-20-8.cnf,2.02437,1.02472,1.99826,3.13028,47.4998,0.469916,16.3216,55.9705
./or-50-20-9-UC-10.cnf,0.605056,0.458092,0.325411,1.17861,10.7461,0.467047,1.54348,11.0817
./or-50-20-9-UC-20.cnf,0.493282,0.388027,0.21802,0.598306,0.038253,0.36404,0.03706,0.0394219
./or-50-20-9-UC-30.cnf,0.454382,0.388782,0.23231,0.574584,0.014956,0.316825,0.019177,0.0293529
./or-50-20-9-UC-40.cnf,0.460152,0.386999,0.230612,0.521623,0.0378331,0.330672,0.0181599,0.01476
./or-50-20-9.cnf,4.93207,2.18729,2.28694,10.7502,46.4488,0.469547,11.4399,48.0933
./or-50-5-1-UC-10.cnf,0.491753,0.393402,0.232872,0.671869,0.493338,0.462377,0.310459,0.708143
./or-50-5-1-UC-20.cnf,0.460898,0.386199,0.222178,0.647876,0.027882,0.378307,0.0244011,0.0378421
./or-50-5-1-UC-30.cnf,0.440628,0.35726,0.213835,0.4133,0.017757,0.264021,0.018169,0.0121519
./or-50-5-1-UC-40.cnf,0.423249,0.351568,0.227135,0.401177,0.00946598,0.190867,0.024924,0.0127001
./or-50-5-1.cnf,0.78436,0.51016,0.358369,1.93747,14.2514,0.469362,6.73308,16.9275
./or-50-5-10-UC-10.cnf,0.483789,0.39401,0.239327,0.660041,0.197503,0.392642,0.0857051,0.324179
./or-50-5-10-UC-20.cnf,0.501926,0.417623,0.255311,0.597521,0.015669,0.336924,0.0233251,0.0336441
./or-50-5-10-UC-30.cnf,0.452517,0.361523,0.223403,0.380212,0.00802991,0.280161,0.0160169,0.015278
./or-50-5-10-UC-40.cnf,0.420399,0.357478,0.196471,0.312471,0.00822994,0.233964,0.025388,0.012176
./or-50-5-10.cnf,1.4326,0.775073,1.13607,2.96245,44.6852,0.564084,6.98537,52.8646
./or-50-5-2-UC-10.cnf,0.871596,0.544057,0.397499,1.50663,12.0502,0.466036,1.9498,15.3816
./or-50-5-2-UC-20.cnf,0.435838,0.356724,0.221429,0.571832,0.136525,0.434543,0.10365,0.20851
./or-50-5-2-UC-30.cnf,0.453146,0.384463,0.204946,0.497391,0.0119,0.26519,0.018573,0.0207561
./or-50-5-2-UC-40.cnf,0.432884,0.344956,0.202641,0.441903,0.0168409,0.217779,0.017464,0.0133401
./or-50-5-2.cnf,8.25095,3.35437,12.6278,42.606,900,0.522645,33.4888,155.88
./or-50-5-3-UC-10.cnf,0.449839,0.369629,0.213957,0.601036,0.0909711,0.3657,0.052926,0.0796669
./or-50-5-3-UC-20.cnf,0.480296,0.413665,0.209911,0.433958,0.00811488,0.271331,0.0172781,0.0131391
./or-50-5-3-UC-30.cnf,0.454637,0.354528,0.233538,0.36757,0.0143481,0.270817,0.0166651,0.0216481
./or-50-5-3-UC-40.cnf,0.478748,0.377159,0.248242,0.380829,0.00806106,0.24648,0.0164099,0.018676
./or-50-5-3.cnf,1.88346,0.935681,1.24226,2.64529,51.2649,0.520534,6.92635,51.1062
./or-50-5-4-UC-10.cnf,0.577124,0.436971,0.285744,1.1989,5.96297,0.467699,2.45325,6.94873
./or-50-5-4-UC-20.cnf,0.493209,0.399602,0.274855,0.628215,1.34835,0.486316,0.647595,1.56032
./or-50-5-4-UC-30.cnf,0.441378,0.361435,0.229844,0.562598,0.034353,0.357622,0.0286279,0.033677
./or-50-5-4-UC-40.cnf,0.454774,0.381936,0.227931,0.515106,0.00813297,0.312919,0.019269,0.0225659
./or-50-5-4.cnf,1.81086,0.95328,0.767923,9.41665,35.3523,0.465442,13.8831,39.8256
./or-50-5-5-UC-10.cnf,0.631325,0.474675,0.300773,0.957156,15.5112,0.493256,3.18121,18.8786
./or-50-5-5-UC-20.cnf,0.505607,0.39305,0.216554,0.651888,0.0496011,0.442272,0.0966029,0.0797119
./or-50-5-5-UC-30.cnf,0.474529,0.385303,0.248002,0.388889,0.00866991,0.305927,0.023813,0.019515
./or-50-5-5-UC-40.cnf,0.441949,0.348714,0.240762,0.299656,0.00761993,0.197568,0.0203459,0.0118331
./or-50-5-5.cnf,1.74029,0.891197,1.50328,4.9563,23.7503,0.482289,11.7086,25.0699
./or-50-5-6-UC-10.cnf,0.490626,0.408069,0.263114,0.558935,0.040546,0.411216,0.03305,0.0567639
./or-50-5-6-UC-20.cnf,0.463647,0.382377,0.222458,0.511832,0.0103501,0.35505,0.017264,0.0230209
./or-50-5-6-UC-30.cnf,0.486,0.400502,0.222069,0.359582,0.00837011,0.269036,0.016064,0.0195991
./or-50-5-6-UC-40.cnf,0.445233,0.371713,0.223813,0.363702,0.0149341,0.188213,0.0264269,0.0128729
./or-50-5-6.cnf,3.05277,1.45335,1.8965,13.0381,81.1258,0.461139,10.6731,82.3792
./or-50-5-7-UC-10.cnf,0.544549,0.416268,0.252512,0.975425,5.76797,0.496238,1.73316,7.03203
./or-50-5-7-UC-20.cnf,0.524697,0.422483,0.257083,0.673104,0.0176539,0.379745,0.0249921,0.0415689
./or-50-5-7-UC-30.cnf,0.528497,0.431584,0.236622,0.541029,0.0175561,0.384005,0.019774,0.0166009
./or-50-5-7-UC-40.cnf,0.461539,0.382432,0.214035,0.419391,0.00877404,0.282562,0.0161899,0.0207949
./or-50-5-7.cnf,4.23791,1.80651,1.6602,7.8697,79.8429,0.462882,24.9657,90.5336
./or-50-5-8-UC-10.cnf,0.48748,0.411209,0.265336,0.714546,1.3609,0.440606,0.78547,1.64252
./or-50-5-8-UC-20.cnf,0.441789,0.372233,0.240233,0.557912,0.090672,0.363223,0.0575571,0.0852539
./or-50-5-8-UC-30.cnf,0.469791,0.375086,0.23493,0.464775,0.0077731,0.286316,0.0227781,0.0158009
./or-50-5-8-UC-40.cnf,0.447537,0.343048,0.221099,0.356347,0.0137869,0.229653,0.0244201,0.018954
./or-50-5-8.cnf,3.52715,1.61377,1.90875,9.5515,81.5337,0.503542,25.4508,82.8857
./or-50-5-9-UC-10.cnf,0.491333,0.411473,0.458079,0.788334,1.87284,0.422942,0.292222,2.67144
./or-50-5-9-UC-20.cnf,0.446727,0.363667,0.226365,0.620563,0.142558,0.406778,0.067804,0.188972
./or-50-5-9-UC-30.cnf,0.504888,0.410396,0.267905,0.473715,0.00804402,0.285829,0.0257241,0.0198011
./or-50-5-9-UC-40.cnf,0.482538,0.390693,0.259773,0.330631,0.00800105,0.219729,0.022744,0.0191089
./or-50-5-9.cnf,2.78311,1.3431,3.4619,5.35873,81.047,0.483639,9.95099,92.8168
./or-60-10-1-UC-10.cnf,0.962941,0.625725,0.437922,2.4799,10.8129,0.737401,13.5761,13.7742
./or-60-10-1-UC-20.cnf,0.505179,0.416592,0.249718,0.90268,2.67107,0.674554,1.26106,3.30279
./or-60-10-1-UC-30.cnf,0.497295,0.411342,0.270844,0.608372,0.103613,0.535123,0.10161,0.15571
./or-60-10-1-UC-40.cnf,0.476175,0.388734,0.22397,0.610759,0.120333,0.462511,0.0675011,0.1728
./or-60-10-1.cnf,904,24.5134,34.6857,117.41,900,0.713183,323.147,900
./or-60-10-10-UC-10.cnf,0.729693,0.504574,0.362419,1.90957,29.998,0.678821,7.15828,38.8061
./or-60-10-10-UC-20.cnf,0.526308,0.430136,0.236313,0.750231,0.138801,0.57,0.0853971,0.187074
./or-60-10-10-UC-30.cnf,0.510175,0.412582,0.261358,0.617537,0.018292,0.502378,0.0185981,0.0302811
./or-60-10-10-UC-40.cnf,0.509312,0.436626,0.240313,0.574322,0.00810091,0.438531,0.0162599,0.015482
./or-60-10-10.cnf,5.76695,2.45247,2.26333,16.9998,900,0.733858,69.7023,529.585
./or-60-10-2-UC-10.cnf,0.600552,0.459918,0.302495,1.10064,7.98329,0.696524,1.71238,10.3508
./or-60-10-2-UC-20.cnf,0.472134,0.38066,0.234932,0.736093,0.424713,0.586993,0.322679,0.549627
./or-60-10-2-UC-30.cnf,0.515823,0.426711,0.23346,0.584844,0.00988591,0.411568,0.0193351,0.016618
./or-60-10-2-UC-40.cnf,0.497125,0.416279,0.255266,0.554429,0.014255,0.481202,0.018009,0.0159109
./or-60-10-2.cnf,11.4121,4.70019,4.8118,160.86,900,0.718926,95.3055,547.836
./or-60-10-3-UC-10.cnf,2.42679,1.18485,1.84464,6.06781,900,0.738466,18.0056,158.019
./or-60-10-3-UC-20.cnf,0.507902,0.419302,0.253265,0.690789,2.50315,0.625021,0.705244,2.7986
./or-60-10-3-UC-30.cnf,0.496006,0.412067,0.252515,0.554516,0.250187,0.553126,0.104498,0.281972
./or-60-10-3-UC-40.cnf,0.477774,0.386247,0.250026,0.578362,0.0951751,0.523034,0.0375079,0.101621
./or-60-10-3.cnf,27.7777,10.2758,10.5863,85.7584,900,0.715978,218.662,900
./or-60-10-4-UC-10.cnf,0.521426,0.402644,0.244736,0.942662,1.65566,0.646819,0.834517,1.84662
./or-60-10-4-UC-20.cnf,0.524922,0.452885,0.264673,0.611496,0.0218911,0.549397,0.0238809,0.0364249
./or-60-10-4-UC-30.cnf,0.475111,0.408989,0.238648,0.552685,0.00815789,0.423981,0.0165729,0.019641
./or-60-10-4-UC-40.cnf,0.481547,0.36293,0.225425,0.535754,0.00885001,0.401777,0.0225779,0.0132211
./or-60-10-4.cnf,904,35.075,74.6317,197.994,900,0.727198,166.17,900
./or-60-10-5-UC-10.cnf,0.483367,0.398364,0.231056,0.726348,0.827433,0.631256,0.353093,1.09825
./or-60-10-5-UC-20.cnf,0.503258,0.416017,0.226685,0.680817,0.0236989,0.592801,0.0261921,0.0448519
./or-60-10-5-UC-30.cnf,0.522156,0.432527,0.265257,0.516814,0.0106911,0.539859,0.021923,0.030094
./or-60-10-5-UC-40.cnf,0.446375,0.379615,0.228661,0.435717,0.0164319,0.440524,0.0233441,0.01856
./or-60-10-5.cnf,11.8311,4.69003,4.53333,30.5725,900,0.74598,69.6918,363.572
./or-60-10-6-UC-10.cnf,1.53956,0.820453,18.8324,4.57313,55.0669,0.700097,11.3814,58.1423
./or-60-10-6-UC-20.cnf,0.483109,0.406798,0.238026,0.587298,0.0220219,0.564298,0.0306129,0.28161
./or-60-10-6-UC-30.cnf,0.500797,0.387146,0.235119,0.647659,0.0126371,0.49438,0.0227189,0.0281971
./or-60-10-6-UC-40.cnf,0.475904,0.404287,0.238614,0.471677,0.0101279,0.495316,0.0171691,0.015731
./or-60-10-6.cnf,20.1925,7.69282,8.0032,39.7042,900,0.783073,69.3804,900
./or-60-10-7-UC-10.cnf,0.507045,0.393214,0.242815,0.670606,1.04832,0.625216,0.711413,1.20407
./or-60-10-7-UC-20.cnf,0.481927,0.384492,0.217368,0.582251,0.053146,0.572105,0.0377421,0.0738159
./or-60-10-7-UC-30.cnf,0.501624,0.411837,0.244853,0.621018,0.018555,0.443006,0.0265931,0.020429
./or-60-10-7-UC-40.cnf,0.473504,0.388811,0.241496,0.440489,0.00804008,0.427518,0.0163869,0.019574
./or-60-10-7.cnf,904,11.4461,15.6022,78.8626,900,0.743286,211.328,772.133
./or-60-10-8-UC-10.cnf,0.503798,0.428808,0.263893,0.724082,0.266126,0.605429,0.128108,0.215275
./or-60-10-8-UC-20.cnf,0.517637,0.443406,0.265249,0.579383,0.062613,0.628591,0.070361,0.111791
./or-60-10-8-UC-30.cnf,0.533013,0.461738,0.250918,0.490026,0.018135,0.467103,0.0218741,0.0271639
./or-60-10-8-UC-40.cnf,0.459736,0.371044,0.249345,0.340197,0.00843202,0.367005,0.0236119,0.02097
./or-60-10-8.cnf,904,22.2883,30.8935,141.729,900,0.774156,146.532,900
./or-60-10-9-UC-10.cnf,0.523367,0.447157,0.266017,0.758573,0.89434,0.70636,0.209572,1.23542
./or-60-10-9-UC-20.cnf,0.529156,0.436419,0.222073,0.564464,0.02404,0.578325,0.024377,0.0260959
./or-60-10-9-UC-30.cnf,0.463706,0.383501,0.220746,0.528172,0.00832607,0.421756,0.021353,0.0154019
./or-60-10-9-UC-40.cnf,0.460082,0.374005,0.234191,0.479314,0.0081501,0.369928,0.0161209,0.0257149
./or-60-10-9.cnf,904,904,169.991,101.204,900,0.750807,185.036,676.145
./or-60-20-1-UC-10.cnf,1.88659,0.983197,0.956029,6.91248,87.9429,0.760762,7.04043,84.5294
./or-60-20-1-UC-20.cnf,0.458343,0.380712,0.24683,0.724909,0.161192,0.623865,0.0680731,0.189334
./or-60-20-1-UC-30.cnf,0.475942,0.390017,0.246096,0.623176,0.0286881,0.504874,0.0280921,0.061586
./or-60-20-1-UC-40.cnf,0.498266,0.413981,0.215114,0.535968,0.0175379,0.519567,0.021132,0.0247649
./or-60-20-1.cnf,6.50793,2.90206,7.54092,49.5098,900,0.763344,47.891,263.667
./or-60-20-10-UC-10.cnf,0.706199,0.495715,0.352007,2.03942,18.4774,0.702261,8.52112,19.6276
./or-60-20-10-UC-20.cnf,0.489638,0.397911,0.24375,0.86908,5.20336,0.646922,1.3869,6.58261
./or-60-20-10-UC-30.cnf,0.499236,0.416816,0.248152,0.688768,0.135938,0.610443,0.0809919,0.176384
./or-60-20-10-UC-40.cnf,0.47295,0.37732,0.233635,0.539959,0.0415849,0.478206,0.0353441,0.06735
./or-60-20-10.cnf,5.42265,2.36701,2.23289,20.1157,900,0.787948,128.278,385.935
./or-60-20-2-UC-10.cnf,1.2751,0.712709,0.580682,8.25807,81.7247,0.703332,14.1288,83.0101
./or-60-20-2-UC-20.cnf,0.496289,0.409134,0.326306,0.643679,0.346013,0.69195,0.270813,0.249785
./or-60-20-2-UC-30.cnf,0.516072,0.428362,0.224326,0.601526,0.00895905,0.457874,0.0253091,0.0150511
./or-60-20-2-UC-40.cnf,0.457113,0.376633,0.222148,0.518655,0.00820795,0.402331,0.016691,0.0155571
./or-60-20-2.cnf,31.4913,10.5865,11.5503,136.014,900,0.761383,113.822,460.973
./or-60-20-3-UC-10.cnf,0.509451,0.413741,0.261195,0.741736,0.681962,0.613446,0.333875,0.719727
./or-60-20-3-UC-20.cnf,0.494128,0.408301,0.261878,0.647132,0.324401,0.581452,0.0688599,0.210463
./or-60-20-3-UC-30.cnf,0.496367,0.431295,0.248973,0.547058,0.0709781,0.533655,0.063027,0.060976
./or-60-20-3-UC-40.cnf,0.489425,0.422817,0.225855,0.571466,0.016225,0.477462,0.019852,0.0334221
./or-60-20-3.cnf,4.86494,2.27204,2.02303,8.77154,900,0.764635,81.7062,656.372
./or-60-20-4-UC-10.cnf,3.13362,1.5094,1.29853,900,900,0.685468,17.3308,86.7317
./or-60-20-4-UC-20.cnf,0.639113,0.50129,5.00023,1.40154,14.7141,0.661047,2.24081,14.8493
./or-60-20-4-UC-30.cnf,0.48582,0.421543,0.227749,0.685028,0.470838,0.614774,0.319681,0.574306
./or-60-20-4-UC-40.cnf,0.493227,0.398459,0.235813,0.668278,0.427017,0.622082,0.195409,0.570063
./or-60-20-4.cnf,16.9383,6.92662,8.29231,33.9023,900,0.788923,59.9586,483.371
./or-60-20-5-UC-10.cnf,2.61939,1.29806,1.1127,31.365,900,0.806047,28.8413,185.55
./or-60-20-5-UC-20.cnf,2.62825,1.32681,1.10175,13.4891,900,0.661254,35.5188,332.672
./or-60-20-5-UC-30.cnf,0.550712,0.422268,0.285775,0.85063,2.85876,0.610712,1.00577,3.02149
./or-60-20-5-UC-40.cnf,0.473818,0.398258,0.236674,0.653646,0.0893831,0.52517,0.0491211,0.101186
./or-60-20-5.cnf,16.3838,6.68412,11.7862,23.9162,900,0.745118,81.9456,659.116
./or-60-20-6-UC-10.cnf,3.96281,1.80531,1.62484,12.4154,900,0.711056,36.252,194.9
./or-60-20-6-UC-20.cnf,0.820218,0.543543,0.374855,1.79549,5.80481,0.733384,2.95161,6.21823
./or-60-20-6-UC-30.cnf,0.463164,0.382085,0.242114,0.672648,0.62204,0.616648,0.539055,0.795581
./or-60-20-6-UC-40.cnf,0.46444,0.369946,0.21779,0.622107,0.155119,0.55027,0.148655,0.184694
./or-60-20-6.cnf,26.7753,8.46334,10.4797,45.75,900,0.719097,107.6,900
./or-60-20-7-UC-10.cnf,1.82002,0.896119,0.693793,6.50864,94.3183,0.687135,19.9439,101.014
./or-60-20-7-UC-20.cnf,1.19987,0.661366,7.46848,2.33828,16.3773,0.658499,7.47027,18.6712
./or-60-20-7-UC-30.cnf,0.481318,0.40672,0.243495,0.544188,0.619359,0.596406,0.299964,0.788401
./or-60-20-7-UC-40.cnf,0.493799,0.369351,0.190038,0.534073,0.01762,0.450694,0.022864,0.0348221
./or-60-20-7.cnf,19.6457,8.14291,7.76093,33.5912,900,0.725556,181.068,900
./or-60-20-8-UC-10.cnf,0.603276,0.458042,0.300428,1.17333,8.8494,0.671565,2.35691,11.1768
./or-60-20-8-UC-20.cnf,0.463512,0.375872,0.217499,0.595699,0.0419841,0.509634,0.0407219,0.0442609
./or-60-20-8-UC-30.cnf,0.511411,0.435827,0.247425,0.616724,0.0223139,0.496015,0.0229599,0.0346061
./or-60-20-8-UC-40.cnf,0.440135,0.371394,0.257639,0.529896,0.00797705,0.350185,0.021734,0.0238111
./or-60-20-8.cnf,10.5236,4.24253,4.09946,28.3533,126.762,0.729596,44.6733,121.614
./or-60-20-9-UC-10.cnf,0.541786,0.429657,0.270878,0.976381,3.07016,0.677922,1.01738,3.79835
./or-60-20-9-UC-20.cnf,0.536676,0.426388,0.239481,0.601141,0.0229469,0.521135,0.03548,0.0402271
./or-60-20-9-UC-30.cnf,0.480819,0.405103,0.211147,0.542519,0.0067859,0.417643,0.0224459,0.0176841
./or-60-20-9-UC-40.cnf,0.453581,0.378577,0.233485,0.61088,0.00779493,0.434657,0.0235761,0.0137309
./or-60-20-9.cnf,904,22.6957,25.7155,105.916,900,0.710593,134.181,900
./or-60-5-1-UC-10.cnf,0.514667,0.4373,0.245328,0.620867,0.146207,0.641299,0.137986,0.242067
./or-60-5-1-UC-20.cnf,0.477349,0.381749,0.220234,0.572013,0.0758819,0.548613,0.0712329,0.122895
./or-60-5-1-UC-30.cnf,0.486521,0.403893,0.241863,0.731182,0.0472921,0.54145,0.0372239,0.0736359
./or-60-5-1-UC-40.cnf,0.444255,0.35689,0.199915,0.445768,0.00811498,0.347724,0.021592,0.0164441
./or-60-5-1.cnf,13.5396,5.53444,5.50924,61.1401,900,0.765877,205.2,691.514
./or-60-5-10-UC-10.cnf,0.500648,0.432449,0.260309,0.741727,0.242829,0.610542,0.194679,0.347796
./or-60-5-10-UC-20.cnf,0.537815,0.428821,0.263248,0.65486,0.0718949,0.545913,0.0593219,0.145824
./or-60-5-10-UC-30.cnf,0.51073,0.418023,0.253763,0.57742,0.0140399,0.441119,0.0202581,0.01788
./or-60-5-10-UC-40.cnf,0.426672,0.34111,0.21536,0.400302,0.00847093,0.399225,0.029126,0.0161019
./or-60-5-10.cnf,904,22.6698,134.134,48.6105,900,0.750026,156.367,572.986
./or-60-5-2-UC-10.cnf,0.532359,0.421826,0.262355,0.860176,0.765171,0.663643,0.581074,1.07379
./or-60-5-2-UC-20.cnf,0.539359,0.472225,0.287028,0.686382,0.0367561,0.605568,0.0370261,0.0820539
./or-60-5-2-UC-30.cnf,0.546005,0.447993,0.265915,0.597483,0.0153479,0.576701,0.021111,0.030224
./or-60-5-2-UC-40.cnf,0.465596,0.368674,0.240603,0.541141,0.0140911,0.437491,0.0265329,0.0229989
./or-60-5-2.cnf,14.9099,6.10456,5.87471,27.6326,900,0.763445,81.1637,900
./or-60-5-3-UC-10.cnf,1.04551,0.615776,0.456361,2.68848,66.2764,0.683352,11.1346,71.3519
./or-60-5-3-UC-20.cnf,0.500069,0.414557,0.259331,0.836102,0.541368,0.679381,0.38243,0.597227
./or-60-5-3-UC-30.cnf,0.47393,0.391022,0.203742,0.563351,0.00796291,0.401917,0.0166831,0.0136801
./or-60-5-3-UC-40.cnf,0.448004,0.368308,0.241099,0.485363,0.007959,0.380123,0.023436,0.0127749
./or-60-5-3.cnf,26.3756,9.5777,15.2025,49.7501,900,0.710998,141.321,594.202
./or-60-5-4-UC-10.cnf,0.511446,0.435713,0.227304,0.762328,0.198399,0.622834,0.106205,0.302241
./or-60-5-4-UC-20.cnf,0.515516,0.40573,0.241077,0.605819,0.00822606,0.527748,0.03103,0.0198191
./or-60-5-4-UC-30.cnf,0.435452,0.360325,0.224512,0.360116,0.010553,0.339852,0.0230499,0.0202161
./or-60-5-4-UC-40.cnf,0.457117,0.357251,0.217518,0.356672,0.0143861,0.323938,0.0210219,0.0133759
./or-60-5-4.cnf,8.24494,3.44498,3.2122,15.6361,900,0.788493,37.5066,166.98
./or-60-5-5-UC-10.cnf,0.500186,0.412679,0.233605,0.75711,1.67146,0.6251,0.402688,2.23555
./or-60-5-5-UC-20.cnf,0.506428,0.413537,0.230964,0.558662,0.00973206,0.483183,0.024403,0.0185711
./or-60-5-5-UC-30.cnf,0.538296,0.439993,0.258884,0.58806,0.0088781,0.474585,0.034217,0.0272129
./or-60-5-5-UC-40.cnf,0.438163,0.366057,0.235119,0.420185,0.00800794,0.37814,0.016345,0.0201509
./or-60-5-5.cnf,17.0788,6.9026,6.81325,26.7047,900,0.772871,66.4277,544.419
./or-60-5-6-UC-10.cnf,0.523368,0.420188,0.292426,0.838945,2.59596,0.620915,0.839099,3.06666
./or-60-5-6-UC-20.cnf,0.487769,0.416983,0.23023,0.551343,0.00832008,0.469853,0.0281061,0.027083
./or-60-5-6-UC-30.cnf,0.450588,0.363505,0.240528,0.443192,0.00810106,0.426718,0.021726,0.0127961
./or-60-5-6-UC-40.cnf,0.411958,0.322781,0.202822,0.356262,0.00797509,0.38317,0.0318991,0.0253331
./or-60-5-6.cnf,904,20.7706,73.0471,82.5419,900,0.698657,269.755,900
./or-60-5-7-UC-10.cnf,0.519484,0.411956,0.247755,0.784567,0.122012,0.594908,0.101165,0.206454
./or-60-5-7-UC-20.cnf,0.475523,0.39736,0.223791,0.626678,0.049559,0.600953,0.039756,0.060976
./or-60-5-7-UC-30.cnf,0.475331,0.400096,0.24202,0.522655,0.00986701,0.489357,0.0259409,0.0293751
./or-60-5-7-UC-40.cnf,0.497863,0.416767,0.227266,0.532442,0.00833988,0.440034,0.022396,0.012573
./or-60-5-7.cnf,5.03481,2.18185,2.01537,42.441,900,0.811754,50.3259,385.515
./or-60-5-8-UC-10.cnf,0.719814,0.486926,0.481496,1.34984,10.5549,0.689979,6.01405,9.06656
./or-60-5-8-UC-20.cnf,0.436592,0.358275,0.221895,0.603235,0.0271669,0.499958,0.028986,0.0306421
./or-60-5-8-UC-30.cnf,0.492728,0.401422,0.256771,0.500627,0.0103711,0.412509,0.023841,0.0211461
./or-60-5-8-UC-40.cnf,0.423976,0.347356,0.216333,0.493327,0.00833902,0.371588,0.0167851,0.0196099
./or-60-5-8.cnf,18.3134,7.48595,8.12272,20.2635,900,0.800927,155.52,900
./or-60-5-9-UC-10.cnf,0.488867,0.414821,0.250732,0.839311,1.24079,0.611573,0.439874,1.48332
./or-60-5-9-UC-20.cnf,0.455471,0.37927,0.221479,0.682315,0.017482,0.535467,0.0261271,0.0233781
./or-60-5-9-UC-30.cnf,0.486002,0.402678,0.208697,0.588597,0.00808889,0.413861,0.0201719,0.0185499
./or-60-5-9-UC-40.cnf,0.413507,0.35593,0.239848,0.438319,0.00805698,0.336109,0.0164969,0.0234149
./or-60-5-9.cnf,20.3585,6.81959,7.44796,131.968,900,0.733545,67.7178,323.685
./or-70-10-1-UC-10.cnf,0.543574,0.44651,0.254263,0.870091,1.83941,0.633589,0.69365,2.18813
./or-70-10-1-UC-20.cnf,0.512785,0.402075,0.237054,0.662146,0.179227,0.50055,0.0481481,0.294913
./or-70-10-1-UC-30.cnf,0.514877,0.416675,0.221995,0.595523,0.014313,0.436299,0.020769,0.024487
./or-70-10-1-UC-40.cnf,0.477073,0.37985,0.224009,0.567492,0.00804809,0.373261,0.017631,0.014792
./or-70-10-1.cnf,55.3048,18.9423,23.7767,50.7222,900,0.756158,509.522,900
./or-70-10-10-UC-10.cnf,2.22076,1.05787,1.1076,4.19014,53.9078,0.631837,11.8492,52.5398
./or-70-10-10-UC-20.cnf,0.540886,0.445327,0.257587,0.75698,0.240394,0.552114,0.158951,0.312071
./or-70-10-10-UC-30.cnf,0.489066,0.409802,0.248771,0.625433,0.00793304,0.44444,0.027992,0.0203739
./or-70-10-10-UC-40.cnf,0.543615,0.448315,0.264584,0.558576,0.025152,0.406248,0.017173,0.018588
./or-70-10-10.cnf,904,904,904,900,900,0.708236,900,900
./or-70-10-2-UC-10.cnf,2.23164,1.03769,0.933325,16.8739,93.0656,0.758452,38.1867,96.5963
./or-70-10-2-UC-20.cnf,0.489553,0.426558,0.238295,0.785464,0.430215,0.579805,0.281454,0.643566
./or-70-10-2-UC-30.cnf,0.488645,0.409968,0.221145,0.557788,0.0331351,0.525839,0.044559,0.044699
./or-70-10-2-UC-40.cnf,0.476531,0.394918,0.243648,0.564422,0.015445,0.361716,0.0164559,0.0132271
./or-70-10-2.cnf,904,29.9663,781.729,744.267,900,0.742287,585.205,900
./or-70-10-3-UC-10.cnf,0.523875,0.421703,0.270671,0.932477,1.82074,0.598917,0.950475,2.36569
./or-70-10-3-UC-20.cnf,0.481954,0.407967,0.233314,0.799934,0.131267,0.547524,0.0833151,0.192437
./or-70-10-3-UC-30.cnf,0.524999,0.417796,0.272577,0.595372,0.00863289,0.398809,0.0269769,0.0146659
./or-70-10-3-UC-40.cnf,0.456037,0.368523,0.225475,0.438396,0.00846589,0.31421,0.0266571,0.0137811
./or-70-10-3.cnf,904,36.8876,904,844.581,900,0.76997,900,900
./or-70-10-4-UC-10.cnf,4.37077,1.82569,1.74334,10.0663,75.0233,0.688314,52.1326,72.1257
./or-70-10-4-UC-20.cnf,0.681814,0.491473,0.368037,1.41525,21.2311,0.611096,6.9466,19.5755
./or-70-10-4-UC-30.cnf,0.547834,0.451572,0.297574,0.92852,2.07649,0.654412,1.75956,2.66791
./or-70-10-4-UC-40.cnf,0.529832,0.443383,0.222247,0.637683,0.0589291,0.489265,0.0457409,0.088561
./or-70-10-4.cnf,904,904,904,158.945,900,0.762211,519.496,900
./or-70-10-5-UC-10.cnf,1.09789,0.6423,0.548305,4.86203,68.3579,0.665328,18.6681,75.3154
./or-70-10-5-UC-20.cnf,0.525001,0.425958,0.25887,0.747564,0.128692,0.547882,0.145808,0.171505
./or-70-10-5-UC-30.cnf,0.53197,0.421705,0.216636,0.644999,0.0133121,0.442797,0.018943,0.0403151
./or-70-10-5-UC-40.cnf,0.448337,0.376619,0.210173,0.521813,0.00820489,0.343226,0.022945,0.0151689
./or-70-10-5.cnf,904,904,218.737,900,900,0.854281,815.853,900
./or-70-10-6-UC-10.cnf,0.66011,0.480544,0.314465,1.89229,10.3175,0.742427,11.1574,11.9336
./or-70-10-6-UC-20.cnf,0.48936,0.40522,0.244847,0.64098,0.262884,0.518255,0.323382,0.326776
./or-70-10-6-UC-30.cnf,0.547937,0.460037,0.229991,0.510767,0.0138941,0.42202,0.026469,0.0195051
./or-70-10-6-UC-40.cnf,0.466523,0.388928,0.230603,0.445227,0.008132,0.290957,0.016511,0.0192379
./or-70-10-6.cnf,904,904,904,275.275,900,0.764625,900,900
./or-70-10-7-UC-10.cnf,1.77242,0.915846,0.727356,6.58719,900,0.675228,30.2488,323.558
./or-70-10-7-UC-20.cnf,0.568556,0.445463,1.11481,0.833678,3.84795,0.604133,0.731257,4.02581
./or-70-10-7-UC-30.cnf,0.461761,0.371244,0.233024,0.6479,0.064501,0.485067,0.033967,0.092585
./or-70-10-7-UC-40.cnf,0.466267,0.362452,0.203724,0.530288,0.0138501,0.387438,0.035833,0.0321371
./or-70-10-7.cnf,904,904,904,900,900,0.754833,900,900
./or-70-10-8-UC-10.cnf,0.523657,0.427342,0.255873,0.822564,2.41645,0.658273,1.30543,2.66257
./or-70-10-8-UC-20.cnf,0.562334,0.47594,0.256197,0.617262,0.0233009,0.402372,0.0347859,0.0354519
./or-70-10-8-UC-30.cnf,0.471681,0.377908,0.243866,0.533003,0.00791996,0.303004,0.0192409,0.0173331
./or-70-10-8-UC-40.cnf,0.479573,0.389013,0.235871,0.458344,0.00836697,0.311312,0.015947,0.0260289
./or-70-10-8.cnf,904,53.8456,86.178,273.582,900,0.77049,752.544,900
./or-70-10-9-UC-10.cnf,0.498161,0.401528,0.250678,0.887741,2.57608,0.662054,0.659447,3.11128
./or-70-10-9-UC-20.cnf,0.573756,0.479696,0.250931,0.746775,0.0219999,0.467111,0.0331981,0.040074
./or-70-10-9-UC-30.cnf,0.492486,0.38547,0.242806,0.534097,0.0230829,0.39385,0.0404599,0.0375051
./or-70-10-9-UC-40.cnf,0.524601,0.42127,0.251544,0.588192,0.0199399,0.394528,0.024924,0.0168891
./or-70-10-9.cnf,904,904,904,385.684,900,0.692361,712.038,900
./or-70-20-1-UC-10.cnf,0.536171,0.41521,0.270453,1.33391,18.8151,0.641688,5.42176,21.1084
./or-70-20-1-UC-20.cnf,0.494072,0.40436,0.239152,0.801619,0.649629,0.525804,0.750955,0.627938
./or-70-20-1-UC-30.cnf,0.50672,0.412021,0.239879,0.644807,0.562541,0.595867,0.53187,0.726359
./or-70-20-1-UC-40.cnf,0.46588,0.381497,0.228502,0.578807,0.239237,0.480373,0.205263,0.250546
./or-70-20-1.cnf,904,904,904,900,900,0.752879,900,900
./or-70-20-10-UC-10.cnf,0.996507,0.622781,5.03654,3.35084,58.9501,0.617165,22.1255,53.4956
./or-70-20-10-UC-20.cnf,11.8091,4.77063,4.56567,22.5779,900,0.629149,113.783,433.349
./or-70-20-10-UC-30.cnf,0.609733,0.467875,0.279556,1.45612,9.88,0.619088,3.72274,10.7727
./or-70-20-10-UC-40.cnf,0.478525,0.387111,0.227817,0.695631,0.19437,0.434059,0.0852459,0.193393
./or-70-20-10.cnf,904,904,904,900,900,0.744534,900,900
./or-70-20-2-UC-10.cnf,0.975089,0.615136,0.475657,1.72785,16.7111,0.62749,8.58337,16.6124
./or-70-20-2-UC-20.cnf,0.531659,0.413146,0.257018,0.930386,2.05034,0.589609,0.974568,2.56154
./or-70-20-2-UC-30.cnf,0.493989,0.391253,0.245393,0.81449,1.12398,0.499699,0.58733,1.46488
./or-70-20-2-UC-40.cnf,0.467833,0.401742,0.230367,0.633907,0.0289511,0.466049,0.0687711,0.039665
./or-70-20-2.cnf,105.072,34.9789,41.54,509.935,900,0.723,900,900
./or-70-20-3-UC-10.cnf,904,36.9918,53.6341,467.677,900,0.713016,295.5,900
./or-70-20-3-UC-20.cnf,0.786763,0.548542,0.879509,2.39877,26.6834,0.605977,5.87939,27.1803
./or-70-20-3-UC-30.cnf,0.545253,0.41379,0.323491,1.07042,2.57301,0.546231,1.64939,2.73193
./or-70-20-3-UC-40.cnf,0.454166,0.391999,0.224262,0.608752,0.157667,0.464342,0.143381,0.117515
./or-70-20-3.cnf,904,904,904,397.317,900,0.746764,900,900
./or-70-20-4-UC-10.cnf,8.35228,3.29031,3.30732,33.9191,900,0.667068,125.861,162.117
./or-70-20-4-UC-20.cnf,1.11295,0.692773,0.503287,5.69675,85.5691,0.610182,19.4813,93.7343
./or-70-20-4-UC-30.cnf,0.468008,0.377371,0.223952,0.718846,0.060719,0.455778,0.0405621,0.0780771
./or-70-20-4-UC-40.cnf,0.463664,0.371964,0.213036,0.57859,0.00864998,0.380236,0.0260101,0.0235701
./or-70-20-4.cnf,904,904,904,900,900,0.715946,900,900
./or-70-20-5-UC-10.cnf,5.69753,2.45999,3.14107,6.76505,900,0.681274,147.517,248.072
./or-70-20-5-UC-20.cnf,0.792996,0.557131,1.10559,2.46326,14.4057,0.655255,13.7636,11.4874
./or-70-20-5-UC-30.cnf,0.497778,0.412449,0.264358,0.917969,1.87529,0.583094,1.19073,2.36483
./or-70-20-5-UC-40.cnf,0.518912,0.431977,0.260505,0.628607,0.0690051,0.52456,0.0315241,0.11153
./or-70-20-5.cnf,904,17.7499,65.4332,36.7737,900,0.715923,754.086,900
./or-70-20-6-UC-10.cnf,1.45564,0.867538,0.656928,5.03771,83.2071,0.665531,24.0811,90.939
./or-70-20-6-UC-20.cnf,0.514457,0.4361,0.261881,0.833469,0.728144,0.589077,0.293611,1.15786
./or-70-20-6-UC-30.cnf,0.505937,0.412746,0.220163,0.676971,0.02012,0.413234,0.018703,0.031534
./or-70-20-6-UC-40.cnf,0.49859,0.414126,0.245451,0.749376,0.00969601,0.425778,0.022398,0.01597
./or-70-20-6.cnf,904,71.1976,141.189,292.157,900,0.815783,900,900
./or-70-20-7-UC-10.cnf,0.971436,0.60928,0.429149,6.83311,67.5994,0.679151,14.8725,66.5083
./or-70-20-7-UC-20.cnf,0.500801,0.404372,0.468065,1.0375,2.41367,0.584466,2.83119,2.51567
./or-70-20-7-UC-30.cnf,0.462843,0.391749,0.233708,0.612161,0.134909,0.531346,0.113711,0.170486
./or-70-20-7-UC-40.cnf,0.459929,0.381065,0.214135,0.501485,0.03476,0.395732,0.05813,0.0402871
./or-70-20-7.cnf,904,904,904,900,900,0.707877,667.968,900
./or-70-20-8-UC-10.cnf,12.9271,5.14532,5.59939,78.1108,900,0.707986,111.654,229.271
./or-70-20-8-UC-20.cnf,3.78859,1.72057,1.60454,10.7404,900,0.635963,77.3623,209.078
./or-70-20-8-UC-30.cnf,0.517473,0.42113,0.276188,0.736895,1.07643,0.554539,0.56221,1.24168
./or-70-20-8-UC-40.cnf,0.487796,0.400349,0.231497,0.687066,0.17217,0.493558,0.140485,0.158852
./or-70-20-8.cnf,904,904,904,251.505,900,0.743385,690.316,900
./or-70-20-9-UC-10.cnf,0.511964,0.431339,0.258,0.833183,0.488421,0.560517,0.212451,0.568432
./or-70-20-9-UC-20.cnf,0.497991,0.399384,0.224153,0.705594,0.0201931,0.515605,0.022135,0.0373401
./or-70-20-9-UC-30.cnf,0.496358,0.419246,0.227012,0.682961,0.00808209,0.448075,0.021341,0.028293
./or-70-20-9-UC-40.cnf,0.461311,0.374054,0.213847,0.584628,0.00796405,0.339309,0.0173869,0.017099
./or-70-20-9.cnf,91.4395,30.4798,34.284,430.4,900,0.737777,582.342,900
./or-70-5-1-UC-10.cnf,0.539016,0.456743,0.281119,1.18282,7.89444,0.618009,1.76699,10.9992
./or-70-5-1-UC-20.cnf,0.545606,0.465683,0.264914,0.708227,0.0307931,0.482908,0.023954,0.018216
./or-70-5-1-UC-30.cnf,0.453401,0.361602,0.232035,0.46537,0.00836001,0.278398,0.0157109,0.017659
./or-70-5-1-UC-40.cnf,0.46755,0.381311,0.23375,0.449605,0.00835306,0.254423,0.0173569,0.0145499
./or-70-5-1.cnf,39.9413,13.254,23.9778,148.142,900,0.725514,386.096,326.466
./or-70-5-10-UC-10.cnf,0.570098,0.467819,0.285746,1.14956,7.35005,0.651845,2.97445,8.92159
./or-70-5-10-UC-20.cnf,0.515053,0.410856,0.247036,0.636893,0.152495,0.569308,0.0672931,0.25278
./or-70-5-10-UC-30.cnf,0.516953,0.422381,0.232857,0.688765,0.0226511,0.511879,0.021683,0.0433229
./or-70-5-10-UC-40.cnf,0.488834,0.413262,0.21884,0.624931,0.00803293,0.403419,0.0232101,0.0149061
./or-70-5-10.cnf,904,904,147.06,183.132,900,0.77497,798.432,900
./or-70-5-2-UC-10.cnf,0.583272,0.460715,0.29302,1.31695,3.6345,0.693343,3.37855,4.43738
./or-70-5-2-UC-20.cnf,0.54661,0.46832,0.273933,0.757377,0.226013,0.520668,0.163456,0.293627
./or-70-5-2-UC-30.cnf,0.487084,0.420336,0.241749,0.640173,0.011731,0.398843,0.0174101,0.0165941
./or-70-5-2-UC-40.cnf,0.439755,0.352848,0.247144,0.537921,0.00968099,0.399667,0.021889,0.0171959
./or-70-5-2.cnf,904,26.3123,37.8528,338.679,900,0.755504,424.041,900
./or-70-5-3-UC-10.cnf,0.517776,0.423533,0.235848,0.605212,0.0276859,0.443812,0.0362971,0.047748
./or-70-5-3-UC-20.cnf,0.514941,0.435514,0.285589,0.553553,0.011126,0.387148,0.0182361,0.0136309
./or-70-5-3-UC-30.cnf,0.464345,0.393325,0.234325,0.56423,0.011592,0.381021,0.030097,0.0163331
./or-70-5-3-UC-40.cnf,0.487725,0.404568,0.263106,0.637865,0.00768005,0.32724,0.019696,0.02015
./or-70-5-3.cnf,904,904,904,787.204,900,0.771494,900,900
./or-70-5-4-UC-10.cnf,1.05397,0.676225,0.663101,3.03954,28.6337,0.680499,8.2825,31.6349
./or-70-5-4-UC-20.cnf,0.539842,0.443793,0.283512,0.793037,0.412804,0.560237,0.308039,0.605192
./or-70-5-4-UC-30.cnf,0.511115,0.426132,0.249661,0.585847,0.129696,0.454495,0.0696511,0.144782
./or-70-5-4-UC-40.cnf,0.468209,0.384329,0.259541,0.436835,0.02046,0.327789,0.0163271,0.0126839
./or-70-5-4.cnf,904,904,904,377.154,900,0.751634,900,900
./or-70-5-5-UC-10.cnf,0.523951,0.436118,0.278827,0.959336,4.43681,0.607659,1.05705,6.34752
./or-70-5-5-UC-20.cnf,0.543931,0.466527,0.284509,0.755133,0.609632,0.565528,0.380257,0.740595
./or-70-5-5-UC-30.cnf,0.478795,0.379252,0.23709,0.514146,0.00915011,0.313956,0.0166671,0.022445
./or-70-5-5-UC-40.cnf,0.433679,0.352263,0.214869,0.447177,0.0151051,0.309175,0.0224729,0.02039
./or-70-5-5.cnf,904,904,904,544.576,900,0.788415,900,900
./or-70-5-6-UC-10.cnf,4.31946,1.95908,81.2605,14.3292,900,0.679647,128.022,351.1
./or-70-5-6-UC-20.cnf,0.53636,0.432106,0.254941,0.635772,0.88314,0.605805,0.398313,1.16448
./or-70-5-6-UC-30.cnf,0.517598,0.424284,0.257114,0.59785,0.022549,0.427412,0.0272901,0.036813
./or-70-5-6-UC-40.cnf,0.422289,0.34503,0.223401,0.358548,0.0084289,0.28205,0.018596,0.0124761
./or-70-5-6.cnf,904,904,904,900,900,0.757669,900,900
./or-70-5-7-UC-10.cnf,0.708996,0.536183,0.391697,1.77297,31.5333,0.672053,6.35937,41.7454
./or-70-5-7-UC-20.cnf,0.491985,0.420162,0.238487,0.68031,0.212237,0.527628,0.199654,0.292109
./or-70-5-7-UC-30.cnf,0.500141,0.407906,0.239223,0.651363,0.014251,0.366505,0.0193559,0.017379
./or-70-5-7-UC-40.cnf,0.464254,0.382922,0.207608,0.455809,0.00842001,0.371485,0.019543,0.0127519
./or-70-5-7.cnf,904,17.6882,34.2519,67.9816,900,0.778563,423.965,375.278
./or-70-5-8-UC-10.cnf,0.546502,0.430792,0.292212,1.08702,8.14529,0.608329,2.54795,10.6593
./or-70-5-8-UC-20.cnf,0.480336,0.39553,0.240488,0.735917,0.29798,0.561115,0.308165,0.453482
./or-70-5-8-UC-30.cnf,0.483986,0.414797,0.257354,0.531028,0.00824095,0.39579,0.0273319,0.012974
./or-70-5-8-UC-40.cnf,0.470171,0.383552,0.222023,0.465115,0.00819705,0.281326,0.0229549,0.0191571
./or-70-5-8.cnf,904,904,904,631.722,900,0.785176,726.702,900
./or-70-5-9-UC-10.cnf,0.512172,0.415305,0.244399,0.761569,0.213568,0.559412,0.121181,0.312182
./or-70-5-9-UC-20.cnf,0.536297,0.452197,0.25368,0.633044,0.0348531,0.458294,0.0373431,0.0347791
./or-70-5-9-UC-30.cnf,0.471338,0.390493,0.25299,0.635204,0.00801193,0.36794,0.0265899,0.0135609
./or-70-5-9-UC-40.cnf,0.444983,0.354275,0.202798,0.356681,0.00799012,0.247838,0.0184579,0.0161199
./or-70-5-9.cnf,904,904,900,900,900,0.737185,900,900
./tire-1.cnf,0.628186,0.530546,0.298268,1.34757,0.028489,1.48112,0.049914,0.062099
./tire-2.cnf,0.646944,0.556132,0.341691,1.61923,0.0287671,2.60526,0.028234,0.0313121
./tire-3.cnf,0.700001,0.59332,0.392319,1.76784,0.125469,2.77061,0.105857,0.208764
./tire-4.cnf,0.785184,0.673502,0.432678,2.56813,0.109444,5.49918,0.144922,0.144296
