file,time,bags,width,vertices
./01A-1.cnf,2.27934,1957,230,2286
./01B-1.cnf,29.7608,8566,547,9159
./01B-2.cnf,75.2128,15233,994,16276
./01B-3.cnf,143.703,21835,1368,23393
./01B-4.cnf,0.0201391,1,-1,0
./01B-5.cnf,0.0152199,1,-1,0
./02A-1.cnf,2.25969,1930,228,2226
./02A-2.cnf,2.25865,3551,228,3857
./02A-3.cnf,1.36784,5294,180,5488
./02B-1.cnf,29.7222,8566,547,9159
./02B-2.cnf,69.4454,15176,1018,16276
./02B-3.cnf,144.05,21835,1368,23393
./02B-4.cnf,239.652,28424,1542,30510
./02B-5.cnf,0.014665,1,-1,0
./03A-1.cnf,0.977172,1148,164,1466
./03A-2.cnf,0.606907,2335,133,2539
./03B-1.cnf,24.609,7820,525,8403
./03B-2.cnf,57.2367,13885,887,14924
./03B-3.cnf,111.284,19922,948,21445
./03B-4.cnf,182.047,25979,1294,27966
./04A-1.cnf,2.29145,1953,201,2223
./04A-2.cnf,2.33179,3608,201,3882
./04A-3.cnf,0.432664,5407,109,5541
./04B-1.cnf,43.8656,10283,607,10947
./04B-2.cnf,103.109,18258,1116,19510
./04B-3.cnf,204.924,26262,1563,28073
./04B-4.cnf,378.682,34261,1989,36636
./05A-1.cnf,2.19653,2015,229,2286
./05A-2.cnf,0.543434,3853,114,3977
./05B-1.cnf,43.1546,10311,607,10978
./05B-2.cnf,101.639,18289,1114,19541
./05B-3.cnf,208.45,26297,1563,28104
./06A-1.cnf,2.44732,1952,229,2226
./06A-2.cnf,1.96682,3653,196,3857
./06A-3.cnf,2.03616,5283,196,5488
./06A-4.cnf,1.82372,6917,197,7119
./06B-1.cnf,41.9774,10309,609,10978
./06B-2.cnf,100.856,18289,1114,19541
./06B-3.cnf,209.092,26298,1563,28104
./06B-4.cnf,390.362,34296,1987,36667
./07A-1.cnf,3.56499,2705,270,3067
./07A-2.cnf,5.74475,4789,266,5388
./07A-3.cnf,8.01041,6922,264,7709
./07A-4.cnf,5.39379,9272,236,10030
./07A-5.cnf,2.55152,12126,219,12351
./07B-1.cnf,49.5634,12130,653,12836
./07B-2.cnf,121.652,21609,1133,22947
./07B-3.cnf,256.655,31120,1625,33058
./07B-4.cnf,456.138,40663,2108,43169
./07B-5.cnf,293.777,50293,771,53280
./07B-6.cnf,321.437,59902,605,63391
./08A-1.cnf,3.64148,2759,271,3127
./08A-2.cnf,6.40228,4915,268,5508
./08A-3.cnf,4.75913,7312,264,7889
./08A-4.cnf,1.27733,10054,169,10270
./08B-1.cnf,51.534,12128,663,12836
./08B-2.cnf,120.261,21598,1133,22947
./08B-3.cnf,255.883,31113,1625,33058
./08B-4.cnf,475.741,40643,2184,43169
./09A-1.cnf,6.77732,3324,303,3697
./09A-2.cnf,7.02135,6093,298,6559
./09A-3.cnf,1.36541,9251,161,9421
./09B-1.cnf,83.4986,15468,754,16295
./09B-2.cnf,203.215,27663,1326,29220
./09B-3.cnf,427.678,39892,1889,42145
./09B-4.cnf,767.382,52113,2468,55070
./09B-5.cnf,0.0129359,1,-1,0
./09B-6.cnf,0.0271089,1,-1,0
./10A-1.cnf,5.60766,2816,298,3169
./10A-2.cnf,5.60451,5017,297,5363
./10A-3.cnf,5.7005,7209,294,7557
./10A-4.cnf,3.88239,9400,269,9751
./10B-1.cnf,100.551,14508,806,15390
./10B-10.cnf,0.012972,1,-1,0
./10B-11.cnf,0.016434,1,-1,0
./10B-2.cnf,236.264,25305,1449,26920
./10B-3.cnf,479.572,36105,2056,38450
./10B-4.cnf,866.293,46897,2663,49980
./10B-5.cnf,492.624,57824,769,61510
./10B-6.cnf,621.896,68697,769,73040
./10B-7.cnf,741.802,79584,769,84570
./10B-8.cnf,0.012331,1,-1,0
./10B-9.cnf,0.015508,1,-1,0
./11A-1.cnf,4.3227,2284,291,2712
./11A-2.cnf,5.01807,4021,293,4577
./11A-3.cnf,4.66976,5817,295,6442
./11A-4.cnf,1.30266,7956,245,8307
./11B-1.cnf,106.438,17732,807,18599
./11B-2.cnf,252.636,31199,1450,32799
./11B-3.cnf,514.831,44669,2057,46999
./11B-4.cnf,0.0112899,1,-1,0
./11B-5.cnf,0.0180861,1,-1,0
./12A-1.cnf,4.30359,2284,291,2712
./12A-2.cnf,5.12126,4022,294,4577
./12A-3.cnf,5.14579,5803,289,6442
./12A-4.cnf,1.43855,7956,245,8307
./12B-1.cnf,80.0637,16603,759,17433
./12B-2.cnf,185.854,29197,1346,30710
./12B-3.cnf,381.849,41789,1893,43987
./12B-4.cnf,650.616,54327,2057,57264
./12B-5.cnf,368.139,67000,716,70541
./12B-6.cnf,0.018089,1,-1,0
./13A-1.cnf,11.1886,4420,390,4857
./13A-2.cnf,8.64366,8158,325,8735
./13A-3.cnf,6.83156,12071,305,12613
./13A-4.cnf,1.63786,16280,153,16491
./13B-1.cnf,123.799,20160,839,21070
./13B-2.cnf,0.013385,1,-1,0
./13B-3.cnf,630.244,52169,2182,54756
./13B-4.cnf,1146.68,68190,2856,71599
./13B-5.cnf,0.01436,1,-1,0
./14A-1.cnf,18.2654,6067,459,6592
./14A-2.cnf,15.9598,10916,472,11468
./14A-3.cnf,8.43065,15978,324,16344
./15A-1.cnf,18.5644,6171,459,6713
./15A-2.cnf,26.6647,10854,680,11649
./15A-3.cnf,24.0635,15741,623,16585
./15A-4.cnf,8.95691,20997,297,21521
./15B-1.cnf,0.017865,1,-1,0
./15B-2.cnf,0.0167591,1,-1,0
./15B-3.cnf,0.0200211,1,-1,0
./15B-4.cnf,0.0192079,1,-1,0
./15B-5.cnf,0.0195821,1,-1,0
./17A-1.cnf,15.3458,4913,445,5421
./17A-2.cnf,20.0997,8921,531,9607
./17A-3.cnf,24.1669,12978,490,13793
./17A-4.cnf,27.9582,16856,439,17979
./17A-5.cnf,15.4799,21457,411,22165
./17A-6.cnf,13.0722,25744,378,26351
./17B-1.cnf,49.2814,12222,652,12925
./17B-2.cnf,120.547,21699,1189,23036
./17B-3.cnf,247.627,31219,1669,33147
./17B-4.cnf,465.236,40761,2180,43258
./17B-5.cnf,280.867,50387,771,53369
./18A-1.cnf,24.7395,8164,524,8788
./18A-2.cnf,59.3659,12666,884,13754
./18A-3.cnf,0.0147061,1,-1,0
./18A-4.cnf,0.015817,1,-1,0
./4step.cnf,0.0216509,156,5,165
./50-10-1-q.cnf,0.0421131,438,13,460
./50-10-10-q.cnf,0.0398769,441,11,460
./50-10-2-q.cnf,0.0481819,442,12,460
./50-10-3-q.cnf,0.0366411,439,12,460
./50-10-4-q.cnf,0.0293719,445,9,460
./50-10-5-q.cnf,0.0472489,446,9,460
./50-10-6-q.cnf,0.047093,443,9,460
./50-10-7-q.cnf,0.0395871,439,12,460
./50-10-8-q.cnf,0.0315469,446,9,460
./50-10-9-q.cnf,0.040472,443,10,460
./50-12-1-q.cnf,0.0538229,650,12,672
./50-12-10-q.cnf,0.0619419,640,13,672
./50-12-2-q.cnf,0.046658,652,11,672
./50-12-3-q.cnf,0.057289,645,15,672
./50-12-4-q.cnf,0.0538271,645,12,672
./50-12-5-q.cnf,0.0648151,645,13,672
./50-12-6-q.cnf,0.0599209,645,13,672
./50-12-7-q.cnf,0.0421791,647,14,672
./50-12-8-q.cnf,0.05507,645,15,672
./50-12-9-q.cnf,0.063404,650,12,672
./50-14-1-q.cnf,0.0748999,886,17,924
./50-14-10-q.cnf,0.0537541,879,17,924
./50-14-2-q.cnf,0.0724761,887,15,924
./50-14-3-q.cnf,0.0706519,883,16,924
./50-14-4-q.cnf,0.054968,889,15,924
./50-14-5-q.cnf,0.0651589,886,17,924
./50-14-6-q.cnf,0.053859,889,14,924
./50-14-7-q.cnf,0.0580359,888,17,924
./50-14-8-q.cnf,0.0686309,888,14,924
./50-14-9-q.cnf,0.083926,881,16,924
./50-16-1-q.cnf,0.0891461,1166,17,1216
./50-16-10-q.cnf,0.105693,1153,20,1216
./50-16-2-q.cnf,0.103098,1158,20,1216
./50-16-3-q.cnf,0.09165,1166,18,1216
./50-16-4-q.cnf,0.0937631,1163,20,1216
./50-16-5-q.cnf,0.075852,1159,18,1216
./50-16-6-q.cnf,0.10702,1164,19,1216
./50-16-7-q.cnf,0.0762231,1166,15,1216
./50-16-8-q.cnf,0.072846,1166,17,1216
./50-16-9-q.cnf,0.111542,1159,19,1216
./50-18-1-q.cnf,0.117616,1481,21,1548
./50-18-10-q.cnf,0.114921,1477,21,1548
./50-18-2-q.cnf,0.0942069,1480,19,1548
./50-18-3-q.cnf,0.106852,1492,16,1548
./50-18-4-q.cnf,0.102149,1485,18,1548
./50-18-5-q.cnf,0.116342,1480,18,1548
./50-18-6-q.cnf,0.104837,1488,18,1548
./50-18-7-q.cnf,0.0982719,1489,18,1548
./50-18-8-q.cnf,0.110395,1485,22,1548
./50-18-9-q.cnf,0.102079,1488,21,1548
./50-20-1-q.cnf,0.123782,1831,21,1920
./50-20-10-q.cnf,0.128245,1831,23,1920
./50-20-2-q.cnf,0.132232,1835,23,1920
./50-20-3-q.cnf,0.139585,1836,22,1920
./50-20-4-q.cnf,0.140945,1836,21,1920
./50-20-5-q.cnf,0.14158,1830,24,1920
./50-20-6-q.cnf,0.141824,1835,21,1920
./50-20-7-q.cnf,0.153717,1836,21,1920
./50-20-8-q.cnf,0.112278,1827,23,1920
./50-20-9-q.cnf,0.129377,1848,18,1920
./5step.cnf,0.022522,173,3,177
./75-10-1-q.cnf,0.023906,448,6,460
./75-10-10-q.cnf,0.0288899,446,5,460
./75-10-2-q.cnf,0.036956,449,6,460
./75-10-3-q.cnf,0.0133949,1,0,0
./75-10-4-q.cnf,0.0344771,450,6,460
./75-10-5-q.cnf,0.0291601,448,8,460
./75-10-6-q.cnf,0.0234131,448,6,460
./75-10-7-q.cnf,0.0321481,448,7,460
./75-10-8-q.cnf,0.032969,445,8,460
./75-10-9-q.cnf,0.041097,447,9,460
./75-12-1-q.cnf,0.042617,654,10,672
./75-12-10-q.cnf,0.0344891,656,6,672
./75-12-2-q.cnf,0.046622,655,9,672
./75-12-3-q.cnf,0.0279541,655,8,672
./75-12-4-q.cnf,0.0419321,661,8,672
./75-12-5-q.cnf,0.0355429,654,10,672
./75-12-6-q.cnf,0.0358239,649,11,672
./75-12-7-q.cnf,0.0449259,659,7,672
./75-12-8-q.cnf,0.046054,654,11,672
./75-12-9-q.cnf,0.0380081,655,8,672
./75-14-1-q.cnf,0.037962,896,8,924
./75-14-10-q.cnf,0.0573479,903,9,924
./75-14-2-q.cnf,0.041452,902,9,924
./75-14-3-q.cnf,0.035685,904,10,924
./75-14-4-q.cnf,0.03895,901,10,924
./75-14-5-q.cnf,0.03857,905,11,924
./75-14-6-q.cnf,0.0493899,903,8,924
./75-14-7-q.cnf,0.0577751,904,11,924
./75-14-8-q.cnf,0.052265,899,12,924
./75-14-9-q.cnf,0.0452649,891,13,924
./75-15-1-q.cnf,0.039108,1037,11,1065
./75-15-10-q.cnf,0.0382559,1039,10,1065
./75-15-2-q.cnf,0.051722,1037,10,1065
./75-15-3-q.cnf,0.039676,1039,12,1065
./75-15-4-q.cnf,0.0504911,1048,7,1065
./75-15-5-q.cnf,0.018279,1,0,0
./75-15-6-q.cnf,0.0393211,1036,12,1065
./75-15-7-q.cnf,0.051004,1043,13,1065
./75-15-8-q.cnf,0.0618949,1041,10,1065
./75-15-9-q.cnf,0.036485,1042,11,1065
./75-16-1-q.cnf,0.058746,1186,12,1216
./75-16-10-q.cnf,0.057278,1182,12,1216
./75-16-2-q.cnf,0.0669591,1184,13,1216
./75-16-3-q.cnf,0.0658199,1184,13,1216
./75-16-4-q.cnf,0.0630149,1181,14,1216
./75-16-5-q.cnf,0.044285,1191,9,1216
./75-16-6-q.cnf,0.0644529,1187,13,1216
./75-16-7-q.cnf,0.051696,1182,11,1216
./75-16-8-q.cnf,0.0496241,1191,10,1216
./75-16-9-q.cnf,0.0538031,1180,14,1216
./75-17-1-q.cnf,0.0474511,1341,13,1377
./75-17-10-q.cnf,0.0584451,1347,11,1377
./75-17-2-q.cnf,0.0623921,1347,12,1377
./75-17-3-q.cnf,0.0509739,1346,13,1377
./75-17-4-q.cnf,0.0643391,1341,12,1377
./75-17-5-q.cnf,0.069322,1341,12,1377
./75-17-6-q.cnf,0.0605061,1349,11,1377
./75-17-7-q.cnf,0.0482841,1345,12,1377
./75-17-8-q.cnf,0.077806,1345,13,1377
./75-17-9-q.cnf,0.0582191,1343,12,1377
./75-18-1-q.cnf,0.083764,1510,12,1548
./75-18-10-q.cnf,0.101052,1501,12,1548
./75-18-2-q.cnf,0.0718,1508,15,1548
./75-18-3-q.cnf,0.0942469,1506,16,1548
./75-18-4-q.cnf,0.0633989,1514,10,1548
./75-18-5-q.cnf,0.0603299,1512,12,1548
./75-18-6-q.cnf,0.081871,1508,16,1548
./75-18-7-q.cnf,0.0708821,1512,12,1548
./75-18-8-q.cnf,0.0814461,1509,14,1548
./75-18-9-q.cnf,0.0820449,1511,15,1548
./75-19-1-q.cnf,0.086544,1685,16,1729
./75-19-10-q.cnf,0.0879659,1686,13,1729
./75-19-2-q.cnf,0.080027,1680,17,1729
./75-19-3-q.cnf,0.0895111,1677,17,1729
./75-19-4-q.cnf,0.0663369,1684,11,1729
./75-19-5-q.cnf,0.0546159,1693,12,1729
./75-19-6-q.cnf,0.095246,1682,16,1729
./75-19-7-q.cnf,0.0704279,1684,13,1729
./75-19-8-q.cnf,0.088633,1684,17,1729
./75-19-9-q.cnf,0.0605009,1685,15,1729
./75-20-1-q.cnf,0.0916111,1864,18,1920
./75-20-10-q.cnf,0.084157,1874,15,1920
./75-20-2-q.cnf,0.0877161,1870,16,1920
./75-20-3-q.cnf,0.0945109,1872,11,1920
./75-20-4-q.cnf,0.092476,1876,12,1920
./75-20-5-q.cnf,0.090937,1881,12,1920
./75-20-6-q.cnf,0.08251,1872,13,1920
./75-20-7-q.cnf,0.080722,1868,16,1920
./75-20-8-q.cnf,0.107457,1874,16,1920
./75-20-9-q.cnf,0.0833571,1876,14,1920
./75-21-1-q.cnf,0.114152,2077,11,2121
./75-21-10-q.cnf,0.113108,2066,15,2121
./75-21-2-q.cnf,0.0850081,2071,13,2121
./75-21-3-q.cnf,0.073144,2065,18,2121
./75-21-4-q.cnf,0.0940791,2073,12,2121
./75-21-5-q.cnf,0.0892849,2075,13,2121
./75-21-6-q.cnf,0.0932809,2065,17,2121
./75-21-7-q.cnf,0.121506,2060,19,2121
./75-21-8-q.cnf,0.0842479,2065,18,2121
./75-21-9-q.cnf,0.0151241,1,0,0
./75-22-1-q.cnf,0.127275,2276,15,2332
./75-22-10-q.cnf,0.146274,2275,14,2332
./75-22-2-q.cnf,0.130981,2267,16,2332
./75-22-3-q.cnf,0.0968,2283,17,2332
./75-22-4-q.cnf,0.0943919,2275,19,2332
./75-22-5-q.cnf,0.0793679,2272,14,2332
./75-22-6-q.cnf,0.0996791,2272,19,2332
./75-22-7-q.cnf,0.107154,2264,20,2332
./75-22-8-q.cnf,0.0749209,2274,18,2332
./75-22-9-q.cnf,0.122937,2273,15,2332
./75-23-1-q.cnf,0.107105,2492,12,2553
./75-23-10-q.cnf,0.12057,2493,16,2553
./75-23-2-q.cnf,0.127625,2493,18,2553
./75-23-3-q.cnf,0.122324,2485,16,2553
./75-23-4-q.cnf,0.10198,2484,15,2553
./75-23-5-q.cnf,0.139041,2491,17,2553
./75-23-6-q.cnf,0.117136,2495,17,2553
./75-23-7-q.cnf,0.10247,2491,17,2553
./75-23-8-q.cnf,0.126071,2496,16,2553
./75-23-9-q.cnf,0.0937261,2490,17,2553
./75-24-1-q.cnf,0.193496,2710,16,2784
./75-24-10-q.cnf,0.146319,2707,18,2784
./75-24-2-q.cnf,0.021414,1,0,0
./75-24-3-q.cnf,0.110083,2715,20,2784
./75-24-4-q.cnf,0.0971491,2733,14,2784
./75-24-5-q.cnf,0.104514,2711,16,2784
./75-24-6-q.cnf,0.119936,2709,20,2784
./75-24-7-q.cnf,0.115145,2719,14,2784
./75-24-8-q.cnf,0.107373,2721,17,2784
./75-24-9-q.cnf,0.112299,2713,18,2784
./75-25-1-q.cnf,0.138202,2961,15,3025
./75-25-10-q.cnf,0.0960359,2954,17,3025
./75-25-2-q.cnf,0.167629,2959,15,3025
./75-25-3-q.cnf,0.134757,2942,19,3025
./75-25-4-q.cnf,0.153947,2945,16,3025
./75-25-5-q.cnf,0.197008,2941,17,3025
./75-25-6-q.cnf,0.152456,2938,21,3025
./75-25-7-q.cnf,0.127553,2946,20,3025
./75-25-8-q.cnf,0.126754,2938,21,3025
./75-25-9-q.cnf,0.111157,2960,16,3025
./75-26-1-q.cnf,0.127725,3203,15,3276
./75-26-10-q.cnf,0.146781,3185,17,3276
./75-26-2-q.cnf,0.124487,3200,19,3276
./75-26-3-q.cnf,0.132209,3195,18,3276
./75-26-4-q.cnf,0.127798,3207,16,3276
./75-26-5-q.cnf,0.147573,3195,19,3276
./75-26-6-q.cnf,0.123749,3205,18,3276
./75-26-7-q.cnf,0.104293,3203,14,3276
./75-26-8-q.cnf,0.170529,3193,19,3276
./75-26-9-q.cnf,0.14518,3189,17,3276
./90-10-1-q.cnf,0.029469,452,5,460
./90-10-10-q.cnf,0.0222791,454,4,460
./90-10-2-q.cnf,0.0164211,1,0,0
./90-10-3-q.cnf,0.026469,454,4,460
./90-10-4-q.cnf,0.044481,449,4,460
./90-10-5-q.cnf,0.023205,449,4,460
./90-10-6-q.cnf,0.019103,1,0,0
./90-10-7-q.cnf,0.017052,451,5,460
./90-10-8-q.cnf,0.012786,1,0,0
./90-10-9-q.cnf,0.0300611,450,6,460
./90-12-1-q.cnf,0.0228129,664,6,672
./90-12-10-q.cnf,0.0325519,660,6,672
./90-12-2-q.cnf,0.0326821,658,4,672
./90-12-3-q.cnf,0.035929,655,5,672
./90-12-4-q.cnf,0.0335729,661,6,672
./90-12-5-q.cnf,0.0254231,664,4,672
./90-12-6-q.cnf,0.034335,659,6,672
./90-12-7-q.cnf,0.0347651,659,8,672
./90-12-8-q.cnf,0.027887,653,7,672
./90-12-9-q.cnf,0.0132031,1,0,0
./90-14-1-q.cnf,0.0392161,915,6,924
./90-14-10-q.cnf,0.043244,908,6,924
./90-14-2-q.cnf,0.0310529,915,5,924
./90-14-3-q.cnf,0.0293229,910,4,924
./90-14-4-q.cnf,0.0196591,1,0,0
./90-14-5-q.cnf,0.0332791,911,8,924
./90-14-6-q.cnf,0.036542,914,6,924
./90-14-7-q.cnf,0.0433179,913,7,924
./90-14-8-q.cnf,0.030098,913,6,924
./90-14-9-q.cnf,0.0301631,912,5,924
./90-15-1-q.cnf,0.042562,1049,6,1065
./90-15-10-q.cnf,0.035646,1051,6,1065
./90-15-2-q.cnf,0.046969,1047,10,1065
./90-15-3-q.cnf,0.0483119,1050,8,1065
./90-15-4-q.cnf,0.0311829,1055,5,1065
./90-15-5-q.cnf,0.0415069,1054,6,1065
./90-15-6-q.cnf,0.0392411,1054,6,1065
./90-15-7-q.cnf,0.0543241,1049,6,1065
./90-15-8-q.cnf,0.0356569,1051,6,1065
./90-15-9-q.cnf,0.015956,1,0,0
./90-16-1-q.cnf,0.0324679,1199,9,1216
./90-16-10-q.cnf,0.0299089,1194,5,1216
./90-16-2-q.cnf,0.0430059,1207,6,1216
./90-16-3-q.cnf,0.03291,1195,6,1216
./90-16-4-q.cnf,0.0423619,1199,8,1216
./90-16-5-q.cnf,0.0413101,1203,7,1216
./90-16-6-q.cnf,0.0446279,1198,8,1216
./90-16-7-q.cnf,0.033882,1203,6,1216
./90-16-8-q.cnf,0.0180439,1,0,0
./90-16-9-q.cnf,0.0336619,1198,6,1216
./90-17-1-q.cnf,0.036707,1365,6,1377
./90-17-10-q.cnf,0.0328591,1366,6,1377
./90-17-2-q.cnf,0.0196719,1,0,0
./90-17-3-q.cnf,0.0382939,1360,8,1377
./90-17-4-q.cnf,0.0585289,1358,9,1377
./90-17-5-q.cnf,0.060893,1361,7,1377
./90-17-6-q.cnf,0.034491,1362,7,1377
./90-17-7-q.cnf,0.020792,1,0,0
./90-17-8-q.cnf,0.0356291,1356,7,1377
./90-17-9-q.cnf,0.0574059,1355,8,1377
./90-18-1-q.cnf,0.0622401,1524,9,1548
./90-18-10-q.cnf,0.051195,1533,9,1548
./90-18-2-q.cnf,0.040727,1524,6,1548
./90-18-3-q.cnf,0.043186,1529,7,1548
./90-18-4-q.cnf,0.04997,1525,6,1548
./90-18-5-q.cnf,0.0502979,1521,7,1548
./90-18-6-q.cnf,0.0470039,1531,7,1548
./90-18-7-q.cnf,0.053378,1529,8,1548
./90-18-8-q.cnf,0.0603521,1529,8,1548
./90-18-9-q.cnf,0.0410861,1525,5,1548
./90-19-1-q.cnf,0.058995,1708,11,1729
./90-19-10-q.cnf,0.0631859,1705,9,1729
./90-19-2-q.cnf,0.039165,1703,6,1729
./90-19-3-q.cnf,0.018441,1,0,0
./90-19-4-q.cnf,0.0486219,1713,4,1729
./90-19-5-q.cnf,0.018575,1,0,0
./90-19-6-q.cnf,0.0501741,1700,8,1729
./90-19-7-q.cnf,0.0563039,1707,7,1729
./90-19-8-q.cnf,0.074297,1713,8,1729
./90-19-9-q.cnf,0.018171,1,0,0
./90-20-1-q.cnf,0.0463849,1890,5,1920
./90-20-10-q.cnf,0.05471,1899,7,1920
./90-20-2-q.cnf,0.0480369,1889,9,1920
./90-20-3-q.cnf,0.077431,1897,9,1920
./90-20-4-q.cnf,0.055316,1891,5,1920
./90-20-5-q.cnf,0.0489631,1894,8,1920
./90-20-6-q.cnf,0.064308,1895,5,1920
./90-20-7-q.cnf,0.0703899,1893,8,1920
./90-20-8-q.cnf,0.08229,1896,12,1920
./90-20-9-q.cnf,0.0614941,1896,7,1920
./90-21-1-q.cnf,0.0586381,2096,7,2121
./90-21-10-q.cnf,0.057906,2094,11,2121
./90-21-2-q.cnf,0.0585919,2094,9,2121
./90-21-3-q.cnf,0.0629369,2101,5,2121
./90-21-4-q.cnf,0.0179029,1,0,0
./90-21-5-q.cnf,0.0583119,2092,7,2121
./90-21-6-q.cnf,0.0142389,1,0,0
./90-21-7-q.cnf,0.073636,2099,10,2121
./90-21-8-q.cnf,0.019963,1,0,0
./90-21-9-q.cnf,0.0549011,2091,8,2121
./90-22-1-q.cnf,0.0727271,2301,6,2332
./90-22-10-q.cnf,0.052959,2303,9,2332
./90-22-2-q.cnf,0.083205,2304,9,2332
./90-22-3-q.cnf,0.0509299,2304,8,2332
./90-22-4-q.cnf,0.0677099,2306,5,2332
./90-22-5-q.cnf,0.0940481,2302,9,2332
./90-22-6-q.cnf,0.0572601,2299,6,2332
./90-22-7-q.cnf,0.0731501,2305,7,2332
./90-22-8-q.cnf,0.014755,1,0,0
./90-22-9-q.cnf,0.0670309,2301,9,2332
./90-23-1-q.cnf,0.097811,2522,10,2553
./90-23-10-q.cnf,0.077963,2526,8,2553
./90-23-2-q.cnf,0.089004,2517,10,2553
./90-23-3-q.cnf,0.0706441,2527,8,2553
./90-23-4-q.cnf,0.05611,2518,5,2553
./90-23-5-q.cnf,0.0728899,2519,7,2553
./90-23-6-q.cnf,0.0752659,2511,6,2553
./90-23-7-q.cnf,0.0871189,2527,9,2553
./90-23-8-q.cnf,0.059401,2521,7,2553
./90-23-9-q.cnf,0.0179751,1,0,0
./90-24-1-q.cnf,0.0119169,1,0,0
./90-24-10-q.cnf,0.059472,2752,6,2784
./90-24-2-q.cnf,0.0625031,2747,6,2784
./90-24-3-q.cnf,0.0672469,2751,7,2784
./90-24-4-q.cnf,0.0654381,2747,8,2784
./90-24-5-q.cnf,0.0648539,2749,8,2784
./90-24-6-q.cnf,0.0188521,1,0,0
./90-24-7-q.cnf,0.0755981,2744,8,2784
./90-24-8-q.cnf,0.0513041,2751,6,2784
./90-24-9-q.cnf,0.0928751,2763,9,2784
./90-25-1-q.cnf,0.109404,2991,7,3025
./90-25-10-q.cnf,0.0670909,2993,9,3025
./90-25-2-q.cnf,0.096269,2982,7,3025
./90-25-3-q.cnf,0.0828551,2977,7,3025
./90-25-4-q.cnf,0.100992,2989,9,3025
./90-25-5-q.cnf,0.0913749,2986,6,3025
./90-25-6-q.cnf,0.11504,2992,9,3025
./90-25-7-q.cnf,0.100896,2986,10,3025
./90-25-8-q.cnf,0.097997,2990,10,3025
./90-25-9-q.cnf,0.0717361,2984,9,3025
./90-26-1-q.cnf,0.018086,1,0,0
./90-26-10-q.cnf,0.117569,3233,10,3276
./90-26-2-q.cnf,0.013603,1,0,0
./90-26-3-q.cnf,0.0730199,3242,10,3276
./90-26-4-q.cnf,0.0949051,3234,8,3276
./90-26-5-q.cnf,0.104851,3233,9,3276
./90-26-6-q.cnf,0.110328,3232,11,3276
./90-26-7-q.cnf,0.0200699,1,0,0
./90-26-8-q.cnf,0.10366,3229,9,3276
./90-26-9-q.cnf,0.019607,1,0,0
./90-30-1-q.cnf,0.156485,4335,10,4380
./90-30-10-q.cnf,0.174382,4325,8,4380
./90-30-2-q.cnf,0.132825,4330,11,4380
./90-30-3-q.cnf,0.152565,4329,8,4380
./90-30-4-q.cnf,0.13815,4326,9,4380
./90-30-5-q.cnf,0.142827,4318,10,4380
./90-30-6-q.cnf,0.121458,4332,8,4380
./90-30-7-q.cnf,0.110247,4328,8,4380
./90-30-8-q.cnf,0.141694,4335,10,4380
./90-30-9-q.cnf,0.158818,4335,10,4380
./90-34-1-q.cnf,0.180167,5585,8,5644
./90-34-10-q.cnf,0.186416,5582,11,5644
./90-34-2-q.cnf,0.174365,5575,10,5644
./90-34-3-q.cnf,0.143655,5582,11,5644
./90-34-4-q.cnf,0.168561,5575,9,5644
./90-34-5-q.cnf,0.159391,5590,8,5644
./90-34-6-q.cnf,0.143331,5592,9,5644
./90-34-7-q.cnf,0.20902,5577,12,5644
./90-34-8-q.cnf,0.0185029,1,0,0
./90-34-9-q.cnf,0.182474,5579,10,5644
./90-38-1-q.cnf,0.25966,6995,10,7068
./90-38-10-q.cnf,0.216243,6986,13,7068
./90-38-2-q.cnf,0.213945,7004,8,7068
./90-38-3-q.cnf,0.243924,6991,14,7068
./90-38-4-q.cnf,0.202433,6991,8,7068
./90-38-5-q.cnf,0.211159,6983,10,7068
./90-38-6-q.cnf,0.206911,7000,12,7068
./90-38-7-q.cnf,0.192606,6983,12,7068
./90-38-8-q.cnf,0.205432,6989,10,7068
./90-38-9-q.cnf,0.19363,7003,9,7068
./90-42-1-q.cnf,0.27647,8556,11,8652
./90-42-10-q.cnf,0.295519,8546,16,8652
./90-42-2-q.cnf,0.272061,8582,9,8652
./90-42-3-q.cnf,0.28076,8542,15,8652
./90-42-4-q.cnf,0.334908,8554,14,8652
./90-42-5-q.cnf,0.332746,8566,9,8652
./90-42-6-q.cnf,0.345401,8555,11,8652
./90-42-7-q.cnf,0.317937,8560,9,8652
./90-42-8-q.cnf,0.294061,8544,17,8652
./90-42-9-q.cnf,0.253916,8555,11,8652
./90-46-1-q.cnf,0.377548,10293,12,10396
./90-46-10-q.cnf,0.0195681,1,0,0
./90-46-2-q.cnf,0.439526,10275,11,10396
./90-46-3-q.cnf,0.354063,10277,12,10396
./90-46-4-q.cnf,0.359513,10293,11,10396
./90-46-5-q.cnf,0.365208,10268,12,10396
./90-46-6-q.cnf,0.412525,10271,13,10396
./90-46-7-q.cnf,0.391192,10296,11,10396
./90-46-8-q.cnf,0.328449,10275,11,10396
./90-46-9-q.cnf,0.389561,10294,12,10396
./90-50-1-q.cnf,0.505492,12161,15,12300
./90-50-10-q.cnf,0.584584,12151,13,12300
./90-50-2-q.cnf,0.019976,1,0,0
./90-50-3-q.cnf,0.53844,12182,10,12300
./90-50-4-q.cnf,0.456012,12181,12,12300
./90-50-5-q.cnf,0.436044,12180,10,12300
./90-50-6-q.cnf,0.514048,12182,11,12300
./90-50-7-q.cnf,0.0205239,1,0,0
./90-50-8-q.cnf,0.518724,12167,7,12300
./90-50-9-q.cnf,0.583963,12164,14,12300
./brp.pm_14steps_10int_8fract_p1_N=200_MAX=4over.dimacs,0.017939,1,0,0
./brp.pm_14steps_10int_8fract_p1_N=200_MAX=4under.dimacs,0.0140261,1,0,0
./brp.pm_14steps_12int_8fract_p1_N=1000_MAX=4over.dimacs,0.018943,1,0,0
./brp.pm_14steps_12int_8fract_p1_N=1000_MAX=4under.dimacs,0.026635,1,0,0
./brp.pm_14steps_12int_8fract_p1_N=400_MAX=4over.dimacs,0.0158881,1,0,0
./brp.pm_14steps_12int_8fract_p1_N=400_MAX=4under.dimacs,0.0178469,1,0,0
./brp.pm_14steps_12int_8fract_p1_N=600_MAX=4over.dimacs,0.0240549,1,0,0
./brp.pm_14steps_12int_8fract_p1_N=600_MAX=4under.dimacs,0.0130759,1,0,0
./brp.pm_14steps_12int_8fract_p1_N=800_MAX=4over.dimacs,0.0175491,1,0,0
./brp.pm_14steps_12int_8fract_p1_N=800_MAX=4under.dimacs,0.0190211,1,0,0
./brp.pm_14steps_13int_8fract_p1_N=2000_MAX=4over.dimacs,0.0178061,1,0,0
./brp.pm_14steps_13int_8fract_p1_N=2000_MAX=4under.dimacs,0.011536,1,0,0
./brp.pm_14steps_14int_8fract_p1_N=3000_MAX=4over.dimacs,0.0147269,1,0,0
./brp.pm_14steps_14int_8fract_p1_N=3000_MAX=4under.dimacs,0.020569,1,0,0
./brp.pm_14steps_14int_8fract_p1_N=4000_MAX=4over.dimacs,0.013298,1,0,0
./brp.pm_14steps_14int_8fract_p1_N=4000_MAX=4under.dimacs,0.011604,1,0,0
./brp.pm_14steps_14int_8fract_p1_N=5000_MAX=4over.dimacs,0.014897,1,0,0
./brp.pm_14steps_14int_8fract_p1_N=5000_MAX=4under.dimacs,0.0199851,1,0,0
./brp.pm_14steps_22int_8fract_p1_N=1000000_MAX=4over.dimacs,0.0174119,1,0,0
./brp.pm_14steps_22int_8fract_p1_N=1000000_MAX=4under.dimacs,0.0152409,1,0,0
./brp.pm_14steps_22int_8fract_p1_N=100000_MAX=4over.dimacs,0.02516,1,0,0
./brp.pm_14steps_22int_8fract_p1_N=100000_MAX=4under.dimacs,0.0135751,1,0,0
./brp.pm_14steps_22int_8fract_p1_N=10000_MAX=4over.dimacs,0.016005,1,0,0
./brp.pm_14steps_22int_8fract_p1_N=10000_MAX=4under.dimacs,0.0165861,1,0,0
./brp.pm_14steps_26int_8fract_p1_N=10000000_MAX=4over.dimacs,0.0206399,1,0,0
./brp.pm_14steps_26int_8fract_p1_N=10000000_MAX=4under.dimacs,0.017445,1,0,0
./brp.pm_14steps_30int_8fract_p1_N=100000000_MAX=4over.dimacs,0.0171699,1,0,0
./brp.pm_14steps_30int_8fract_p1_N=100000000_MAX=4under.dimacs,0.014154,1,0,0
./brp.pm_14steps_8int_8fract_p1_N=16_MAX=2over.dimacs,13.369,80800,11,81046
./brp.pm_14steps_8int_8fract_p1_N=16_MAX=2under.dimacs,13.9151,80544,10,80710
./brp.pm_14steps_8int_8fract_p1_N=32_MAX=4over.dimacs,0.021299,1,0,0
./brp.pm_14steps_8int_8fract_p1_N=32_MAX=4under.dimacs,0.0189791,1,0,0
./brp.pm_14steps_8int_8fract_p1_N=64_MAX=5over.dimacs,13.2851,80265,11,80483
./brp.pm_14steps_8int_8fract_p1_N=64_MAX=5under.dimacs,13.044,80000,10,80147
./crowds.pm_15steps_8int_7fract_PCTL_TotalRuns=10_CrowdSize=20over.dimacs,0.0130899,1,-1,0
./crowds.pm_15steps_8int_7fract_PCTL_TotalRuns=10_CrowdSize=20under.dimacs,0.0128591,1,-1,0
./crowds.pm_15steps_8int_7fract_PCTL_TotalRuns=3_CrowdSize=5over.dimacs,0.0120209,1,-1,0
./crowds.pm_15steps_8int_7fract_PCTL_TotalRuns=3_CrowdSize=5under.dimacs,0.013163,1,-1,0
./crowds.pm_15steps_8int_7fract_PCTL_TotalRuns=6_CrowdSize=10over.dimacs,0.0161789,1,-1,0
./crowds.pm_15steps_8int_7fract_PCTL_TotalRuns=6_CrowdSize=10under.dimacs,0.0175469,1,-1,0
./crowds_big.pm_15steps_8int_7fract_PCTL_TotalRuns=10_CrowdSize=40over.dimacs,0.0133749,1,0,0
./crowds_big.pm_15steps_8int_7fract_PCTL_TotalRuns=10_CrowdSize=40under.dimacs,0.0189871,1,0,0
./crowds_big.pm_15steps_8int_7fract_PCTL_TotalRuns=20_CrowdSize=40over.dimacs,0.017382,1,0,0
./crowds_big.pm_15steps_8int_7fract_PCTL_TotalRuns=20_CrowdSize=40under.dimacs,0.018432,1,0,0
./crowds_big.pm_15steps_9int_7fract_PCTL_TotalRuns=40_CrowdSize=128over.dimacs,0.013967,1,-1,0
./crowds_big.pm_15steps_9int_7fract_PCTL_TotalRuns=40_CrowdSize=128under.dimacs,0.016717,1,-1,0
./crowds_big.pm_15steps_9int_7fract_PCTL_TotalRuns=60_CrowdSize=128over.dimacs,0.0192099,1,-1,0
./crowds_big.pm_15steps_9int_7fract_PCTL_TotalRuns=60_CrowdSize=128under.dimacs,0.0151719,1,-1,0
./egl.pm_100steps_6int_1fract_unfairA_N=10_L=2over.dimacs,0.013096,1,0,0
./egl.pm_100steps_6int_1fract_unfairA_N=10_L=2under.dimacs,0.0177559,1,0,0
./egl.pm_100steps_6int_1fract_unfairA_N=10_L=4over.dimacs,0.0161491,1,-1,0
./egl.pm_100steps_6int_1fract_unfairA_N=10_L=4under.dimacs,0.014853,1,-1,0
./egl.pm_100steps_6int_1fract_unfairA_N=7_L=2over.dimacs,0.020068,1,0,0
./egl.pm_100steps_6int_1fract_unfairA_N=7_L=2under.dimacs,0.021235,1,0,0
./egl.pm_100steps_6int_1fract_unfairA_N=7_L=4over.dimacs,0.022035,1,-1,0
./egl.pm_100steps_6int_1fract_unfairA_N=7_L=4under.dimacs,0.0180361,1,-1,0
./egl.pm_31steps_6int_1fract_unfairA_N=5_L=2over.dimacs,0.0105371,1,-1,0
./egl.pm_31steps_6int_1fract_unfairA_N=5_L=2under.dimacs,0.014393,1,-1,0
./egl.pm_60steps_6int_1fract_unfairA_N=5_L=4over.dimacs,0.0181741,1,-1,0
./egl.pm_60steps_6int_1fract_unfairA_N=5_L=4under.dimacs,0.011359,1,-1,0
./herman15.pm_20steps_6int_1fract_stable_over.dimacs,0.0113031,1,-1,0
./herman15.pm_20steps_6int_1fract_stable_under.dimacs,0.0209289,1,-1,0
./herman21.pm_20steps_6int_1fract_stable_over.dimacs,0.013674,1,-1,0
./herman21.pm_20steps_6int_1fract_stable_under.dimacs,0.0188569,1,-1,0
./herman3.pm_20steps_6int_1fract_stable_over.dimacs,0.873398,24018,5,24040
./herman3.pm_20steps_6int_1fract_stable_under.dimacs,0.888769,24018,5,24040
./herman31.pm_20steps_6int_1fract_stable_over.dimacs,0.018299,1,-1,0
./herman31.pm_20steps_6int_1fract_stable_under.dimacs,0.0158881,1,-1,0
./herman41.pm_20steps_6int_1fract_stable_over.dimacs,0.0198,1,-1,0
./herman41.pm_20steps_6int_1fract_stable_under.dimacs,0.015246,1,-1,0
./herman9.pm_20steps_6int_1fract_stable_over.dimacs,14.3658,83626,16,83825
./herman9.pm_20steps_6int_1fract_stable_under.dimacs,14.4951,83626,16,83825
./leader_sync3_2.pm_4steps_7int_1fract_elected_over.dimacs,0.707394,16655,5,16659
./leader_sync3_2.pm_4steps_7int_1fract_elected_under.dimacs,0.715148,16655,5,16659
./leader_sync3_32.pm_4steps_7int_5fract_elected_over.dimacs,5.92573,52542,38,52715
./leader_sync3_32.pm_4steps_7int_5fract_elected_under.dimacs,5.88913,52542,38,52715
./leader_sync3_64.pm_4steps_7int_6fract_elected_over.dimacs,0.0140959,1,-1,0
./leader_sync3_64.pm_4steps_7int_6fract_elected_under.dimacs,0.0140199,1,-1,0
./leader_sync3_8.pm_4steps_7int_3fract_elected_over.dimacs,1.13092,21698,18,21756
./leader_sync3_8.pm_4steps_7int_3fract_elected_under.dimacs,1.17626,21698,18,21756
./leader_sync4_11.pm_5steps_7int_10fract_elected_neg_over.dimacs,0.0199741,1,-1,0
./leader_sync4_11.pm_5steps_7int_10fract_elected_neg_under.dimacs,0.0186681,1,-1,0
./leader_sync4_11.pm_5steps_7int_10fract_elected_over.dimacs,0.018505,1,-1,0
./leader_sync4_11.pm_5steps_7int_10fract_elected_under.dimacs,0.013991,1,-1,0
./leader_sync4_11.pm_5steps_7int_11fract_elected_neg_over.dimacs,0.01988,1,-1,0
./leader_sync4_11.pm_5steps_7int_11fract_elected_neg_under.dimacs,0.0121219,1,-1,0
./leader_sync4_11.pm_5steps_7int_11fract_elected_over.dimacs,0.0179211,1,-1,0
./leader_sync4_11.pm_5steps_7int_11fract_elected_under.dimacs,0.013161,1,-1,0
./leader_sync4_11.pm_5steps_7int_12fract_elected_neg_over.dimacs,0.0146461,1,-1,0
./leader_sync4_11.pm_5steps_7int_12fract_elected_neg_under.dimacs,0.017409,1,-1,0
./leader_sync4_11.pm_5steps_7int_12fract_elected_over.dimacs,0.01983,1,-1,0
./leader_sync4_11.pm_5steps_7int_12fract_elected_under.dimacs,0.0190231,1,-1,0
./leader_sync4_11.pm_5steps_7int_13fract_elected_neg_over.dimacs,0.0139341,1,-1,0
./leader_sync4_11.pm_5steps_7int_13fract_elected_neg_under.dimacs,0.0121889,1,-1,0
./leader_sync4_11.pm_5steps_7int_13fract_elected_over.dimacs,0.0111419,1,-1,0
./leader_sync4_11.pm_5steps_7int_13fract_elected_under.dimacs,0.013032,1,-1,0
./leader_sync4_11.pm_5steps_7int_14fract_elected_neg_over.dimacs,0.0207959,1,-1,0
./leader_sync4_11.pm_5steps_7int_14fract_elected_neg_under.dimacs,0.0190101,1,-1,0
./leader_sync4_11.pm_5steps_7int_14fract_elected_over.dimacs,0.0109509,1,-1,0
./leader_sync4_11.pm_5steps_7int_14fract_elected_under.dimacs,0.0131261,1,-1,0
./leader_sync4_11.pm_5steps_7int_15fract_elected_neg_over.dimacs,0.0199519,1,-1,0
./leader_sync4_11.pm_5steps_7int_15fract_elected_neg_under.dimacs,0.0204011,1,-1,0
./leader_sync4_11.pm_5steps_7int_15fract_elected_over.dimacs,0.011855,1,-1,0
./leader_sync4_11.pm_5steps_7int_15fract_elected_under.dimacs,0.0171119,1,-1,0
./leader_sync4_11.pm_5steps_7int_16fract_elected_neg_over.dimacs,0.013817,1,-1,0
./leader_sync4_11.pm_5steps_7int_16fract_elected_neg_under.dimacs,0.0179439,1,-1,0
./leader_sync4_11.pm_5steps_7int_16fract_elected_over.dimacs,0.0114039,1,-1,0
./leader_sync4_11.pm_5steps_7int_16fract_elected_under.dimacs,0.0113929,1,-1,0
./leader_sync4_11.pm_5steps_7int_17fract_elected_neg_over.dimacs,0.017171,1,-1,0
./leader_sync4_11.pm_5steps_7int_17fract_elected_neg_under.dimacs,0.0146649,1,-1,0
./leader_sync4_11.pm_5steps_7int_17fract_elected_over.dimacs,0.0146121,1,-1,0
./leader_sync4_11.pm_5steps_7int_17fract_elected_under.dimacs,0.018431,1,-1,0
./leader_sync4_11.pm_5steps_7int_18fract_elected_neg_over.dimacs,0.0170801,1,-1,0
./leader_sync4_11.pm_5steps_7int_18fract_elected_neg_under.dimacs,0.0175299,1,-1,0
./leader_sync4_11.pm_5steps_7int_18fract_elected_over.dimacs,0.0178651,1,-1,0
./leader_sync4_11.pm_5steps_7int_18fract_elected_under.dimacs,0.0168619,1,-1,0
./leader_sync4_11.pm_5steps_7int_19fract_elected_neg_over.dimacs,0.0126899,1,-1,0
./leader_sync4_11.pm_5steps_7int_19fract_elected_neg_under.dimacs,0.018492,1,-1,0
./leader_sync4_11.pm_5steps_7int_19fract_elected_over.dimacs,0.0118661,1,-1,0
./leader_sync4_11.pm_5steps_7int_19fract_elected_under.dimacs,0.019458,1,-1,0
./leader_sync4_11.pm_5steps_7int_20fract_elected_neg_over.dimacs,0.015511,1,-1,0
./leader_sync4_11.pm_5steps_7int_20fract_elected_neg_under.dimacs,0.020077,1,-1,0
./leader_sync4_11.pm_5steps_7int_20fract_elected_over.dimacs,0.0121511,1,-1,0
./leader_sync4_11.pm_5steps_7int_20fract_elected_under.dimacs,0.018074,1,-1,0
./leader_sync4_11.pm_5steps_7int_4fract_elected_neg_over.dimacs,4.69263,46677,20,46803
./leader_sync4_11.pm_5steps_7int_4fract_elected_neg_under.dimacs,4.7771,47240,15,47346
./leader_sync4_11.pm_5steps_7int_4fract_elected_over.dimacs,4.66624,46666,23,46798
./leader_sync4_11.pm_5steps_7int_4fract_elected_under.dimacs,4.85771,47230,18,47341
./leader_sync4_11.pm_5steps_7int_5fract_elected_neg_over.dimacs,6.17742,53722,21,53871
./leader_sync4_11.pm_5steps_7int_5fract_elected_neg_under.dimacs,6.06879,54121,19,54283
./leader_sync4_11.pm_5steps_7int_5fract_elected_over.dimacs,6.10652,53710,23,53866
./leader_sync4_11.pm_5steps_7int_5fract_elected_under.dimacs,6.11609,54111,21,54278
./leader_sync4_11.pm_5steps_7int_6fract_elected_neg_over.dimacs,8.25045,60609,20,60805
./leader_sync4_11.pm_5steps_7int_6fract_elected_neg_under.dimacs,7.8122,61571,20,61781
./leader_sync4_11.pm_5steps_7int_6fract_elected_over.dimacs,7.60578,60603,21,60800
./leader_sync4_11.pm_5steps_7int_6fract_elected_under.dimacs,8.14989,61565,23,61776
./leader_sync4_11.pm_5steps_7int_7fract_elected_neg_over.dimacs,9.74157,68411,22,68660
./leader_sync4_11.pm_5steps_7int_7fract_elected_neg_under.dimacs,10.228,70558,20,70816
./leader_sync4_11.pm_5steps_7int_7fract_elected_over.dimacs,9.9117,68396,23,68655
./leader_sync4_11.pm_5steps_7int_7fract_elected_under.dimacs,10.6307,70544,23,70811
./leader_sync4_11.pm_5steps_7int_8fract_elected_neg_over.dimacs,12.8476,77621,22,77925
./leader_sync4_11.pm_5steps_7int_8fract_elected_neg_under.dimacs,13.0788,80073,22,80381
./leader_sync4_11.pm_5steps_7int_8fract_elected_over.dimacs,13.1472,77614,22,77920
./leader_sync4_11.pm_5steps_7int_8fract_elected_under.dimacs,13.3235,80065,23,80376
./leader_sync4_11.pm_5steps_7int_9fract_elected_neg_over.dimacs,0.0165151,1,-1,0
./leader_sync4_11.pm_5steps_7int_9fract_elected_neg_under.dimacs,0.02057,1,-1,0
./leader_sync4_11.pm_5steps_7int_9fract_elected_over.dimacs,0.017406,1,-1,0
./leader_sync4_11.pm_5steps_7int_9fract_elected_under.dimacs,16.5729,89894,23,90237
./leader_sync4_2.pm_5steps_7int_1fract_elected_over.dimacs,1.26776,24955,8,24962
./leader_sync4_2.pm_5steps_7int_1fract_elected_under.dimacs,1.33873,24955,8,24962
./leader_sync4_32.pm_5steps_7int_5fract_elected_over.dimacs,0.0184071,1,-1,0
./leader_sync4_32.pm_5steps_7int_5fract_elected_under.dimacs,0.013794,1,-1,0
./leader_sync4_64.pm_5steps_7int_6fract_elected_over.dimacs,0.0178981,1,-1,0
./leader_sync4_64.pm_5steps_7int_6fract_elected_under.dimacs,0.018548,1,-1,0
./leader_sync4_8.pm_5steps_7int_3fract_elected_over.dimacs,2.79185,34800,18,34889
./leader_sync4_8.pm_5steps_7int_3fract_elected_under.dimacs,2.83991,34800,18,34889
./leader_sync6_2.pm_7steps_7int_1fract_elected_over.dimacs,5.00377,48821,11,48831
./leader_sync6_2.pm_7steps_7int_1fract_elected_under.dimacs,5.02101,48821,11,48831
./leader_sync6_32.pm_7steps_7int_5fract_elected_over.dimacs,0.0196239,1,-1,0
./leader_sync6_32.pm_7steps_7int_5fract_elected_under.dimacs,0.0168291,1,-1,0
./leader_sync6_64.pm_7steps_7int_6fract_elected_over.dimacs,0.0128111,1,-1,0
./leader_sync6_64.pm_7steps_7int_6fract_elected_under.dimacs,0.0134561,1,-1,0
./leader_sync6_8.pm_7steps_7int_3fract_elected_over.dimacs,10.0311,67936,26,68117
./leader_sync6_8.pm_7steps_7int_3fract_elected_under.dimacs,9.91663,67936,26,68117
./log-1.cnf,0.054866,850,12,939
./log-2.cnf,0.755931,1089,165,1337
./log-3.cnf,0.360059,1251,119,1413
./log-4.cnf,0.360765,2088,81,2303
./log-5.cnf,1.5953,2149,184,2701
./nand.pm_100steps_15int_8fract_lessThan10PercentAreErroneous_N=20_K=4over.dimacs,0.0192849,1,0,0
./nand.pm_100steps_15int_8fract_lessThan10PercentAreErroneous_N=20_K=4under.dimacs,0.0137931,1,0,0
./nand.pm_80steps_15int_8fract_lessThan10PercentAreErroneous_N=20_K=2over.dimacs,0.0189129,1,0,0
./nand.pm_80steps_15int_8fract_lessThan10PercentAreErroneous_N=20_K=2under.dimacs,0.0207719,1,0,0
./nand.pm_80steps_15int_8fract_lessThan10PercentAreErroneous_N=20_K=3over.dimacs,0.017627,1,0,0
./nand.pm_80steps_15int_8fract_lessThan10PercentAreErroneous_N=20_K=3under.dimacs,0.0175689,1,0,0
./or-100-10-1-UC-10.cnf,0.023648,192,4,200
./or-100-10-1-UC-20.cnf,0.013581,192,3,200
./or-100-10-1-UC-30.cnf,0.0180929,198,2,200
./or-100-10-1-UC-40.cnf,0.013281,1,0,0
./or-100-10-1-UC-50.cnf,0.0114161,1,0,0
./or-100-10-1-UC-60.cnf,0.0136891,199,2,200
./or-100-10-1.cnf,0.017451,1,0,0
./or-100-10-10-UC-10.cnf,0.0192961,186,4,200
./or-100-10-10-UC-20.cnf,0.0223539,189,4,200
./or-100-10-10-UC-30.cnf,0.0253359,190,4,200
./or-100-10-10-UC-40.cnf,0.0266419,197,3,200
./or-100-10-10-UC-50.cnf,0.0217721,195,3,200
./or-100-10-10-UC-60.cnf,0.0164071,197,3,200
./or-100-10-10.cnf,0.0146661,1,0,0
./or-100-10-2-UC-10.cnf,0.0199499,192,4,200
./or-100-10-2-UC-20.cnf,0.01327,193,4,200
./or-100-10-2-UC-30.cnf,0.029143,191,4,200
./or-100-10-2-UC-40.cnf,0.024647,196,3,200
./or-100-10-2-UC-50.cnf,0.017775,196,3,200
./or-100-10-2-UC-60.cnf,0.0136261,199,2,200
./or-100-10-2.cnf,0.0201899,1,0,0
./or-100-10-3-UC-10.cnf,0.0232609,196,3,200
./or-100-10-3-UC-20.cnf,0.0250259,187,4,200
./or-100-10-3-UC-30.cnf,0.02208,192,3,200
./or-100-10-3-UC-40.cnf,0.016867,196,3,200
./or-100-10-3-UC-50.cnf,0.022923,196,3,200
./or-100-10-3-UC-60.cnf,0.0188861,198,3,200
./or-100-10-3.cnf,0.0153221,1,0,0
./or-100-10-4-UC-10.cnf,0.0235221,198,3,200
./or-100-10-4-UC-20.cnf,0.0249361,198,3,200
./or-100-10-4-UC-30.cnf,0.0132239,196,3,200
./or-100-10-4-UC-40.cnf,0.022277,195,3,200
./or-100-10-4-UC-50.cnf,0.0251451,197,3,200
./or-100-10-4-UC-60.cnf,0.0231891,198,2,200
./or-100-10-4.cnf,0.014094,1,0,0
./or-100-10-5-UC-10.cnf,0.0230141,195,4,200
./or-100-10-5-UC-20.cnf,0.0164721,189,4,200
./or-100-10-5-UC-30.cnf,0.018281,189,4,200
./or-100-10-5-UC-40.cnf,0.0146711,192,4,200
./or-100-10-5-UC-50.cnf,0.020823,198,3,200
./or-100-10-5-UC-60.cnf,0.0224751,199,2,200
./or-100-10-5.cnf,0.0224599,1,0,0
./or-100-10-6-UC-10.cnf,0.0234839,1,0,0
./or-100-10-6-UC-20.cnf,0.0160889,197,3,200
./or-100-10-6-UC-30.cnf,0.0193221,195,3,200
./or-100-10-6-UC-40.cnf,0.0221769,197,2,200
./or-100-10-6-UC-50.cnf,0.013153,197,2,200
./or-100-10-6-UC-60.cnf,0.019141,197,2,200
./or-100-10-6.cnf,0.0177261,1,0,0
./or-100-10-7-UC-10.cnf,0.0160761,190,4,200
./or-100-10-7-UC-20.cnf,0.0224681,190,4,200
./or-100-10-7-UC-30.cnf,0.0173961,192,3,200
./or-100-10-7-UC-40.cnf,0.0244101,195,3,200
./or-100-10-7-UC-50.cnf,0.013782,194,4,200
./or-100-10-7-UC-60.cnf,0.0215939,197,3,200
./or-100-10-7.cnf,0.0145621,1,0,0
./or-100-10-8-UC-10.cnf,0.023234,196,4,200
./or-100-10-8-UC-20.cnf,0.0189781,194,3,200
./or-100-10-8-UC-30.cnf,0.024485,191,3,200
./or-100-10-8-UC-40.cnf,0.0191839,192,3,200
./or-100-10-8-UC-50.cnf,0.021128,192,4,200
./or-100-10-8-UC-60.cnf,0.025387,196,3,200
./or-100-10-8.cnf,0.013403,1,0,0
./or-100-10-9-UC-10.cnf,0.0159829,186,4,200
./or-100-10-9-UC-20.cnf,0.0216361,189,4,200
./or-100-10-9-UC-30.cnf,0.0211259,187,4,200
./or-100-10-9-UC-40.cnf,0.0212021,190,4,200
./or-100-10-9-UC-50.cnf,0.021554,194,4,200
./or-100-10-9-UC-60.cnf,0.0244609,189,4,200
./or-100-10-9.cnf,0.0156189,1,0,0
./or-100-20-1-UC-10.cnf,0.0224291,183,4,200
./or-100-20-1-UC-20.cnf,0.023206,179,4,200
./or-100-20-1-UC-30.cnf,0.0161239,173,4,200
./or-100-20-1-UC-40.cnf,0.0223149,186,4,200
./or-100-20-1-UC-50.cnf,0.022745,194,3,200
./or-100-20-1-UC-60.cnf,0.0152831,194,4,200
./or-100-20-1.cnf,0.018728,1,0,0
./or-100-20-10-UC-10.cnf,0.022134,187,4,200
./or-100-20-10-UC-20.cnf,0.0230981,184,4,200
./or-100-20-10-UC-30.cnf,0.0169429,185,4,200
./or-100-20-10-UC-40.cnf,0.023591,188,5,200
./or-100-20-10-UC-50.cnf,0.023126,191,4,200
./or-100-20-10-UC-60.cnf,0.023968,190,4,200
./or-100-20-10.cnf,0.017536,1,0,0
./or-100-20-2-UC-10.cnf,0.01965,193,4,200
./or-100-20-2-UC-20.cnf,0.015921,183,4,200
./or-100-20-2-UC-30.cnf,0.0207349,186,4,200
./or-100-20-2-UC-40.cnf,0.0197339,185,4,200
./or-100-20-2-UC-50.cnf,0.022719,176,4,200
./or-100-20-2-UC-60.cnf,0.023565,182,5,200
./or-100-20-2.cnf,0.022902,1,0,0
./or-100-20-3-UC-10.cnf,0.0149559,194,4,200
./or-100-20-3-UC-20.cnf,0.023284,187,4,200
./or-100-20-3-UC-30.cnf,0.0145419,180,4,200
./or-100-20-3-UC-40.cnf,0.016608,186,4,200
./or-100-20-3-UC-50.cnf,0.0230179,193,3,200
./or-100-20-3-UC-60.cnf,0.0148101,196,2,200
./or-100-20-3.cnf,0.0124601,1,0,0
./or-100-20-4-UC-10.cnf,0.016141,185,4,200
./or-100-20-4-UC-20.cnf,0.023521,181,4,200
./or-100-20-4-UC-30.cnf,0.0230921,187,5,200
./or-100-20-4-UC-40.cnf,0.0213529,190,4,200
./or-100-20-4-UC-50.cnf,0.0199981,194,4,200
./or-100-20-4-UC-60.cnf,0.0280341,192,4,200
./or-100-20-4.cnf,0.0193149,1,0,0
./or-100-20-5-UC-10.cnf,0.021515,189,4,200
./or-100-20-5-UC-20.cnf,0.0246689,184,4,200
./or-100-20-5-UC-30.cnf,0.0256831,187,4,200
./or-100-20-5-UC-40.cnf,0.0210839,190,4,200
./or-100-20-5-UC-50.cnf,0.0228931,193,4,200
./or-100-20-5-UC-60.cnf,0.017807,195,4,200
./or-100-20-5.cnf,0.014473,1,0,0
./or-100-20-6-UC-10.cnf,0.019792,190,4,200
./or-100-20-6-UC-20.cnf,0.016709,183,4,200
./or-100-20-6-UC-30.cnf,0.017787,185,4,200
./or-100-20-6-UC-40.cnf,0.0203451,189,4,200
./or-100-20-6-UC-50.cnf,0.023778,192,4,200
./or-100-20-6-UC-60.cnf,0.0165099,197,2,200
./or-100-20-6.cnf,0.0153891,1,0,0
./or-100-20-7-UC-10.cnf,0.0228299,188,4,200
./or-100-20-7-UC-20.cnf,0.0170221,178,4,200
./or-100-20-7-UC-30.cnf,0.023172,186,4,200
./or-100-20-7-UC-40.cnf,0.0251461,186,4,200
./or-100-20-7-UC-50.cnf,0.025566,189,5,200
./or-100-20-7-UC-60.cnf,0.020024,191,3,200
./or-100-20-7.cnf,0.0114641,1,0,0
./or-100-20-8-UC-10.cnf,0.022647,189,4,200
./or-100-20-8-UC-20.cnf,0.016309,181,4,200
./or-100-20-8-UC-30.cnf,0.0137761,185,4,200
./or-100-20-8-UC-40.cnf,0.018254,195,4,200
./or-100-20-8-UC-50.cnf,0.0242571,194,4,200
./or-100-20-8-UC-60.cnf,0.0198221,191,4,200
./or-100-20-8.cnf,0.0175419,1,0,0
./or-100-20-9-UC-10.cnf,0.022018,191,4,200
./or-100-20-9-UC-20.cnf,0.0140159,184,4,200
./or-100-20-9-UC-30.cnf,0.0213041,180,4,200
./or-100-20-9-UC-40.cnf,0.0137951,189,4,200
./or-100-20-9-UC-50.cnf,0.019925,195,3,200
./or-100-20-9-UC-60.cnf,0.0222821,195,3,200
./or-100-20-9.cnf,0.018716,1,0,0
./or-100-5-1-UC-10.cnf,0.0180931,197,4,200
./or-100-5-1-UC-20.cnf,0.0203399,196,4,200
./or-100-5-1-UC-30.cnf,0.021388,198,3,200
./or-100-5-1-UC-40.cnf,0.0204251,1,0,0
./or-100-5-1-UC-50.cnf,0.02007,1,0,0
./or-100-5-1-UC-60.cnf,0.0184081,1,0,0
./or-100-5-1.cnf,0.0156419,1,0,0
./or-100-5-10-UC-10.cnf,0.0193491,1,0,0
./or-100-5-10-UC-20.cnf,0.0253581,196,3,200
./or-100-5-10-UC-30.cnf,0.019703,1,0,0
./or-100-5-10-UC-40.cnf,0.021299,1,0,0
./or-100-5-10-UC-50.cnf,0.0184849,1,0,0
./or-100-5-10-UC-60.cnf,0.0182,1,0,0
./or-100-5-10.cnf,0.0161861,1,0,0
./or-100-5-2-UC-10.cnf,0.022323,195,4,200
./or-100-5-2-UC-20.cnf,0.0237789,189,4,200
./or-100-5-2-UC-30.cnf,0.019982,194,3,200
./or-100-5-2-UC-40.cnf,0.0278009,194,3,200
./or-100-5-2-UC-50.cnf,0.022434,196,3,200
./or-100-5-2-UC-60.cnf,0.0138049,199,2,200
./or-100-5-2.cnf,0.0135461,1,0,0
./or-100-5-3-UC-10.cnf,0.0175981,1,0,0
./or-100-5-3-UC-20.cnf,0.017087,1,0,0
./or-100-5-3-UC-30.cnf,0.019082,1,0,0
./or-100-5-3-UC-40.cnf,0.020693,198,3,200
./or-100-5-3-UC-50.cnf,0.019922,1,0,0
./or-100-5-3-UC-60.cnf,0.0152899,1,0,0
./or-100-5-3.cnf,0.013935,1,0,0
./or-100-5-4-UC-10.cnf,0.022992,194,4,200
./or-100-5-4-UC-20.cnf,0.0229829,189,4,200
./or-100-5-4-UC-30.cnf,0.017718,189,4,200
./or-100-5-4-UC-40.cnf,0.0163711,191,4,200
./or-100-5-4-UC-50.cnf,0.025762,196,3,200
./or-100-5-4-UC-60.cnf,0.0190821,197,3,200
./or-100-5-4.cnf,0.0139979,1,0,0
./or-100-5-5-UC-10.cnf,0.014519,191,4,200
./or-100-5-5-UC-20.cnf,0.019074,191,4,200
./or-100-5-5-UC-30.cnf,0.0249471,193,4,200
./or-100-5-5-UC-40.cnf,0.020249,193,4,200
./or-100-5-5-UC-50.cnf,0.024695,195,3,200
./or-100-5-5-UC-60.cnf,0.0154201,195,3,200
./or-100-5-5.cnf,0.020303,1,0,0
./or-100-5-6-UC-10.cnf,0.0187561,1,0,0
./or-100-5-6-UC-20.cnf,0.0157291,198,2,200
./or-100-5-6-UC-30.cnf,0.0185581,1,0,0
./or-100-5-6-UC-40.cnf,0.0200629,1,0,0
./or-100-5-6-UC-50.cnf,0.0301579,1,0,0
./or-100-5-6-UC-60.cnf,0.0186689,1,0,0
./or-100-5-6.cnf,0.0194931,1,0,0
./or-100-5-7-UC-10.cnf,0.0194239,1,0,0
./or-100-5-7-UC-20.cnf,0.0186671,189,4,200
./or-100-5-7-UC-30.cnf,0.019342,191,3,200
./or-100-5-7-UC-40.cnf,0.022169,195,3,200
./or-100-5-7-UC-50.cnf,0.0327461,199,2,200
./or-100-5-7-UC-60.cnf,0.019563,1,0,0
./or-100-5-7.cnf,0.0204861,1,0,0
./or-100-5-8-UC-10.cnf,0.0232211,199,2,200
./or-100-5-8-UC-20.cnf,0.0199159,196,4,200
./or-100-5-8-UC-30.cnf,0.0169571,195,3,200
./or-100-5-8-UC-40.cnf,0.024228,199,2,200
./or-100-5-8-UC-50.cnf,0.021557,198,3,200
./or-100-5-8-UC-60.cnf,0.022649,198,3,200
./or-100-5-8.cnf,0.014873,1,0,0
./or-100-5-9-UC-10.cnf,0.0224759,193,4,200
./or-100-5-9-UC-20.cnf,0.0199081,194,4,200
./or-100-5-9-UC-30.cnf,0.018448,197,4,200
./or-100-5-9-UC-40.cnf,0.0165251,198,2,200
./or-100-5-9-UC-50.cnf,0.0180921,1,0,0
./or-100-5-9-UC-60.cnf,0.0165471,1,0,0
./or-100-5-9.cnf,0.019123,1,0,0
./or-50-10-1-UC-10.cnf,0.0212699,96,3,100
./or-50-10-1-UC-20.cnf,0.012991,97,3,100
./or-50-10-1-UC-30.cnf,0.019044,97,3,100
./or-50-10-1-UC-40.cnf,0.0197199,1,0,0
./or-50-10-1.cnf,0.0183511,1,0,0
./or-50-10-10-UC-10.cnf,0.0124281,1,0,0
./or-50-10-10-UC-20.cnf,0.0232329,98,3,100
./or-50-10-10-UC-30.cnf,0.019495,98,3,100
./or-50-10-10-UC-40.cnf,0.0192159,99,2,100
./or-50-10-10.cnf,0.019897,1,0,0
./or-50-10-2-UC-10.cnf,0.0137399,95,4,100
./or-50-10-2-UC-20.cnf,0.017399,97,3,100
./or-50-10-2-UC-30.cnf,0.0173779,97,3,100
./or-50-10-2-UC-40.cnf,0.0186291,98,3,100
./or-50-10-2.cnf,0.016542,1,0,0
./or-50-10-3-UC-10.cnf,0.0144239,93,4,100
./or-50-10-3-UC-20.cnf,0.0157361,88,4,100
./or-50-10-3-UC-30.cnf,0.021421,93,4,100
./or-50-10-3-UC-40.cnf,0.0188779,97,3,100
./or-50-10-3.cnf,0.0190519,1,0,0
./or-50-10-4-UC-10.cnf,0.019359,96,4,100
./or-50-10-4-UC-20.cnf,0.027883,96,4,100
./or-50-10-4-UC-30.cnf,0.0213801,96,3,100
./or-50-10-4-UC-40.cnf,0.0132739,94,4,100
./or-50-10-4.cnf,0.019425,1,0,0
./or-50-10-5-UC-10.cnf,0.0152049,95,4,100
./or-50-10-5-UC-20.cnf,0.015581,92,4,100
./or-50-10-5-UC-30.cnf,0.0227041,93,4,100
./or-50-10-5-UC-40.cnf,0.015548,96,3,100
./or-50-10-5.cnf,0.014566,1,0,0
./or-50-10-6-UC-10.cnf,0.016776,97,4,100
./or-50-10-6-UC-20.cnf,0.0208631,96,3,100
./or-50-10-6-UC-30.cnf,0.0188841,96,3,100
./or-50-10-6-UC-40.cnf,0.0178581,97,3,100
./or-50-10-6.cnf,0.018658,1,0,0
./or-50-10-7-UC-10.cnf,0.0207851,93,4,100
./or-50-10-7-UC-20.cnf,0.013866,94,4,100
./or-50-10-7-UC-30.cnf,0.020927,97,4,100
./or-50-10-7-UC-40.cnf,0.0130239,97,3,100
./or-50-10-7.cnf,0.012388,1,0,0
./or-50-10-8-UC-10.cnf,0.012511,1,0,0
./or-50-10-8-UC-20.cnf,0.0135171,1,0,0
./or-50-10-8-UC-30.cnf,0.0128939,1,0,0
./or-50-10-8-UC-40.cnf,0.0220611,99,2,100
./or-50-10-8.cnf,0.020553,1,0,0
./or-50-10-9-UC-10.cnf,0.022294,97,4,100
./or-50-10-9-UC-20.cnf,0.020335,95,4,100
./or-50-10-9-UC-30.cnf,0.0133951,97,4,100
./or-50-10-9-UC-40.cnf,0.0145049,93,4,100
./or-50-10-9.cnf,0.017369,1,0,0
./or-50-20-1-UC-10.cnf,0.019164,93,4,100
./or-50-20-1-UC-20.cnf,0.0185689,93,4,100
./or-50-20-1-UC-30.cnf,0.020326,94,4,100
./or-50-20-1-UC-40.cnf,0.018861,96,4,100
./or-50-20-1.cnf,0.014951,1,0,0
./or-50-20-10-UC-10.cnf,0.019882,92,4,100
./or-50-20-10-UC-20.cnf,0.016643,91,4,100
./or-50-20-10-UC-30.cnf,0.0162579,92,4,100
./or-50-20-10-UC-40.cnf,0.015702,95,5,100
./or-50-20-10.cnf,0.0198329,1,0,0
./or-50-20-2-UC-10.cnf,0.0208881,94,4,100
./or-50-20-2-UC-20.cnf,0.019864,92,4,100
./or-50-20-2-UC-30.cnf,0.0173909,93,4,100
./or-50-20-2-UC-40.cnf,0.022688,95,4,100
./or-50-20-2.cnf,0.0202289,1,0,0
./or-50-20-3-UC-10.cnf,0.0132659,87,4,100
./or-50-20-3-UC-20.cnf,0.017832,88,4,100
./or-50-20-3-UC-30.cnf,0.0169689,92,4,100
./or-50-20-3-UC-40.cnf,0.0219871,93,4,100
./or-50-20-3.cnf,0.0176259,1,0,0
./or-50-20-4-UC-10.cnf,0.0192099,94,4,100
./or-50-20-4-UC-20.cnf,0.0198581,91,4,100
./or-50-20-4-UC-30.cnf,0.0197601,90,4,100
./or-50-20-4-UC-40.cnf,0.021192,93,4,100
./or-50-20-4.cnf,0.0205479,1,0,0
./or-50-20-5-UC-10.cnf,0.021291,94,4,100
./or-50-20-5-UC-20.cnf,0.018837,90,4,100
./or-50-20-5-UC-30.cnf,0.014035,90,4,100
./or-50-20-5-UC-40.cnf,0.0134831,91,4,100
./or-50-20-5.cnf,0.022556,1,0,0
./or-50-20-6-UC-10.cnf,0.0213521,94,4,100
./or-50-20-6-UC-20.cnf,0.0171001,87,4,100
./or-50-20-6-UC-30.cnf,0.0167689,92,3,100
./or-50-20-6-UC-40.cnf,0.0183321,95,4,100
./or-50-20-6.cnf,0.025128,1,0,0
./or-50-20-7-UC-10.cnf,0.0179229,96,4,100
./or-50-20-7-UC-20.cnf,0.020296,94,4,100
./or-50-20-7-UC-30.cnf,0.014449,95,3,100
./or-50-20-7-UC-40.cnf,0.0209459,96,2,100
./or-50-20-7.cnf,0.019449,1,0,0
./or-50-20-8-UC-10.cnf,0.0189831,98,3,100
./or-50-20-8-UC-20.cnf,0.0172979,95,3,100
./or-50-20-8-UC-30.cnf,0.018561,94,4,100
./or-50-20-8-UC-40.cnf,0.0219561,95,4,100
./or-50-20-8.cnf,0.019605,1,0,0
./or-50-20-9-UC-10.cnf,0.0220251,97,3,100
./or-50-20-9-UC-20.cnf,0.0197241,96,3,100
./or-50-20-9-UC-30.cnf,0.0154771,97,4,100
./or-50-20-9-UC-40.cnf,0.0228289,94,4,100
./or-50-20-9.cnf,0.0162139,1,0,0
./or-50-5-1-UC-10.cnf,0.015615,97,4,100
./or-50-5-1-UC-20.cnf,0.02188,96,3,100
./or-50-5-1-UC-30.cnf,0.020263,1,0,0
./or-50-5-1-UC-40.cnf,0.0183381,1,0,0
./or-50-5-1.cnf,0.0128711,1,0,0
./or-50-5-10-UC-10.cnf,0.0185661,1,0,0
./or-50-5-10-UC-20.cnf,0.0148181,1,0,0
./or-50-5-10-UC-30.cnf,0.018858,1,0,0
./or-50-5-10-UC-40.cnf,0.0115599,1,0,0
./or-50-5-10.cnf,0.013221,1,0,0
./or-50-5-2-UC-10.cnf,0.022283,98,3,100
./or-50-5-2-UC-20.cnf,0.0195941,98,3,100
./or-50-5-2-UC-30.cnf,0.0178589,99,2,100
./or-50-5-2-UC-40.cnf,0.015627,1,0,0
./or-50-5-2.cnf,0.0134651,1,0,0
./or-50-5-3-UC-10.cnf,0.0188471,96,3,100
./or-50-5-3-UC-20.cnf,0.0169631,97,3,100
./or-50-5-3-UC-30.cnf,0.015538,97,3,100
./or-50-5-3-UC-40.cnf,0.022239,97,3,100
./or-50-5-3.cnf,0.013272,1,0,0
./or-50-5-4-UC-10.cnf,0.0175101,94,4,100
./or-50-5-4-UC-20.cnf,0.02058,90,4,100
./or-50-5-4-UC-30.cnf,0.0143441,91,4,100
./or-50-5-4-UC-40.cnf,0.0169849,93,4,100
./or-50-5-4.cnf,0.013222,1,0,0
./or-50-5-5-UC-10.cnf,0.014563,94,4,100
./or-50-5-5-UC-20.cnf,0.018074,97,3,100
./or-50-5-5-UC-30.cnf,0.015005,1,0,0
./or-50-5-5-UC-40.cnf,0.0180649,1,0,0
./or-50-5-5.cnf,0.0282199,1,0,0
./or-50-5-6-UC-10.cnf,0.020498,1,0,0
./or-50-5-6-UC-20.cnf,0.0146421,1,0,0
./or-50-5-6-UC-30.cnf,0.014856,1,0,0
./or-50-5-6-UC-40.cnf,0.013701,1,0,0
./or-50-5-6.cnf,0.018403,1,0,0
./or-50-5-7-UC-10.cnf,0.0171569,97,4,100
./or-50-5-7-UC-20.cnf,0.017964,95,4,100
./or-50-5-7-UC-30.cnf,0.020362,94,4,100
./or-50-5-7-UC-40.cnf,0.022202,95,4,100
./or-50-5-7.cnf,0.0197291,1,0,0
./or-50-5-8-UC-10.cnf,0.0221011,97,4,100
./or-50-5-8-UC-20.cnf,0.0205951,97,3,100
./or-50-5-8-UC-30.cnf,0.0166749,98,3,100
./or-50-5-8-UC-40.cnf,0.023968,1,0,0
./or-50-5-8.cnf,0.0175161,1,0,0
./or-50-5-9-UC-10.cnf,0.0227789,98,3,100
./or-50-5-9-UC-20.cnf,0.016537,98,3,100
./or-50-5-9-UC-30.cnf,0.0220311,98,3,100
./or-50-5-9-UC-40.cnf,0.0174591,98,3,100
./or-50-5-9.cnf,0.015154,1,0,0
./or-60-10-1-UC-10.cnf,0.0171691,114,4,120
./or-60-10-1-UC-20.cnf,0.0162401,115,4,120
./or-60-10-1-UC-30.cnf,0.0131399,113,4,120
./or-60-10-1-UC-40.cnf,0.0201849,111,4,120
./or-60-10-1.cnf,0.014544,1,0,0
./or-60-10-10-UC-10.cnf,0.0222329,115,4,120
./or-60-10-10-UC-20.cnf,0.0189761,114,4,120
./or-60-10-10-UC-30.cnf,0.0238101,113,3,120
./or-60-10-10-UC-40.cnf,0.0214949,115,3,120
./or-60-10-10.cnf,0.0151771,1,0,0
./or-60-10-2-UC-10.cnf,0.017579,115,4,120
./or-60-10-2-UC-20.cnf,0.014335,112,4,120
./or-60-10-2-UC-30.cnf,0.0189851,115,3,120
./or-60-10-2-UC-40.cnf,0.0190371,115,3,120
./or-60-10-2.cnf,0.0172271,1,0,0
./or-60-10-3-UC-10.cnf,0.0203449,117,4,120
./or-60-10-3-UC-20.cnf,0.024591,110,4,120
./or-60-10-3-UC-30.cnf,0.0164719,109,4,120
./or-60-10-3-UC-40.cnf,0.0173999,111,4,120
./or-60-10-3.cnf,0.0147399,1,0,0
./or-60-10-4-UC-10.cnf,0.018813,1,0,0
./or-60-10-4-UC-20.cnf,0.014676,1,0,0
./or-60-10-4-UC-30.cnf,0.012741,1,0,0
./or-60-10-4-UC-40.cnf,0.0155739,1,0,0
./or-60-10-4.cnf,0.0214911,1,0,0
./or-60-10-5-UC-10.cnf,0.0227819,116,3,120
./or-60-10-5-UC-20.cnf,0.0139889,114,4,120
./or-60-10-5-UC-30.cnf,0.0148409,114,3,120
./or-60-10-5-UC-40.cnf,0.017291,117,3,120
./or-60-10-5.cnf,0.01437,1,0,0
./or-60-10-6-UC-10.cnf,0.021254,114,4,120
./or-60-10-6-UC-20.cnf,0.013337,116,3,120
./or-60-10-6-UC-30.cnf,0.0178271,117,3,120
./or-60-10-6-UC-40.cnf,0.020787,118,2,120
./or-60-10-6.cnf,0.020371,1,0,0
./or-60-10-7-UC-10.cnf,0.02042,118,3,120
./or-60-10-7-UC-20.cnf,0.019155,1,0,0
./or-60-10-7-UC-30.cnf,0.0191361,118,3,120
./or-60-10-7-UC-40.cnf,0.0183099,119,2,120
./or-60-10-7.cnf,0.018178,1,0,0
./or-60-10-8-UC-10.cnf,0.015614,117,3,120
./or-60-10-8-UC-20.cnf,0.0214231,115,3,120
./or-60-10-8-UC-30.cnf,0.01865,115,3,120
./or-60-10-8-UC-40.cnf,0.019668,118,3,120
./or-60-10-8.cnf,0.025888,1,0,0
./or-60-10-9-UC-10.cnf,0.0182801,1,0,0
./or-60-10-9-UC-20.cnf,0.0218121,118,3,120
./or-60-10-9-UC-30.cnf,0.0199701,119,2,120
./or-60-10-9-UC-40.cnf,0.0144671,1,0,0
./or-60-10-9.cnf,0.0214431,1,0,0
./or-60-20-1-UC-10.cnf,0.0217581,115,4,120
./or-60-20-1-UC-20.cnf,0.015834,119,2,120
./or-60-20-1-UC-30.cnf,0.0196349,111,4,120
./or-60-20-1-UC-40.cnf,0.015072,111,4,120
./or-60-20-1.cnf,0.0154769,1,0,0
./or-60-20-10-UC-10.cnf,0.0128041,112,4,120
./or-60-20-10-UC-20.cnf,0.015205,112,4,120
./or-60-20-10-UC-30.cnf,0.019851,113,4,120
./or-60-20-10-UC-40.cnf,0.0130341,113,3,120
./or-60-20-10.cnf,0.019465,1,0,0
./or-60-20-2-UC-10.cnf,0.013716,113,4,120
./or-60-20-2-UC-20.cnf,0.022535,111,4,120
./or-60-20-2-UC-30.cnf,0.0165779,112,4,120
./or-60-20-2-UC-40.cnf,0.0176419,115,4,120
./or-60-20-2.cnf,0.0173399,1,0,0
./or-60-20-3-UC-10.cnf,0.021621,115,4,120
./or-60-20-3-UC-20.cnf,0.015348,114,4,120
./or-60-20-3-UC-30.cnf,0.021895,114,4,120
./or-60-20-3-UC-40.cnf,0.018574,117,3,120
./or-60-20-3.cnf,0.020278,1,0,0
./or-60-20-4-UC-10.cnf,0.0172239,106,4,120
./or-60-20-4-UC-20.cnf,0.018892,109,4,120
./or-60-20-4-UC-30.cnf,0.0233451,110,4,120
./or-60-20-4-UC-40.cnf,0.021544,111,4,120
./or-60-20-4.cnf,0.018042,1,0,0
./or-60-20-5-UC-10.cnf,0.0149409,110,4,120
./or-60-20-5-UC-20.cnf,0.0198639,104,4,120
./or-60-20-5-UC-30.cnf,0.0166641,109,4,120
./or-60-20-5-UC-40.cnf,0.014326,110,4,120
./or-60-20-5.cnf,0.0157901,1,0,0
./or-60-20-6-UC-10.cnf,0.015053,105,4,120
./or-60-20-6-UC-20.cnf,0.0174281,104,5,120
./or-60-20-6-UC-30.cnf,0.0218171,109,4,120
./or-60-20-6-UC-40.cnf,0.0177731,110,4,120
./or-60-20-6.cnf,0.012357,1,0,0
./or-60-20-7-UC-10.cnf,0.0245941,112,4,120
./or-60-20-7-UC-20.cnf,0.021013,102,4,120
./or-60-20-7-UC-30.cnf,0.0191021,110,4,120
./or-60-20-7-UC-40.cnf,0.022538,113,5,120
./or-60-20-7.cnf,0.019123,1,0,0
./or-60-20-8-UC-10.cnf,0.0146811,109,4,120
./or-60-20-8-UC-20.cnf,0.0210871,114,4,120
./or-60-20-8-UC-30.cnf,0.0127771,114,4,120
./or-60-20-8-UC-40.cnf,0.01885,117,3,120
./or-60-20-8.cnf,0.014215,1,0,0
./or-60-20-9-UC-10.cnf,0.023138,117,3,120
./or-60-20-9-UC-20.cnf,0.0222701,117,3,120
./or-60-20-9-UC-30.cnf,0.0212511,117,3,120
./or-60-20-9-UC-40.cnf,0.0212569,117,3,120
./or-60-20-9.cnf,0.0212421,1,0,0
./or-60-5-1-UC-10.cnf,0.0184231,117,3,120
./or-60-5-1-UC-20.cnf,0.0198409,116,3,120
./or-60-5-1-UC-30.cnf,0.0142031,116,3,120
./or-60-5-1-UC-40.cnf,0.014316,118,2,120
./or-60-5-1.cnf,0.018635,1,0,0
./or-60-5-10-UC-10.cnf,0.018221,115,4,120
./or-60-5-10-UC-20.cnf,0.0200979,113,4,120
./or-60-5-10-UC-30.cnf,0.0230131,116,3,120
./or-60-5-10-UC-40.cnf,0.0158781,119,2,120
./or-60-5-10.cnf,0.017535,1,0,0
./or-60-5-2-UC-10.cnf,0.0176579,117,4,120
./or-60-5-2-UC-20.cnf,0.021434,116,3,120
./or-60-5-2-UC-30.cnf,0.0126299,116,3,120
./or-60-5-2-UC-40.cnf,0.0180029,1,0,0
./or-60-5-2.cnf,0.019215,1,0,0
./or-60-5-3-UC-10.cnf,0.0203939,117,4,120
./or-60-5-3-UC-20.cnf,0.0189191,117,4,120
./or-60-5-3-UC-30.cnf,0.0190809,119,2,120
./or-60-5-3-UC-40.cnf,0.013754,1,0,0
./or-60-5-3.cnf,0.0120511,1,0,0
./or-60-5-4-UC-10.cnf,0.0160039,119,2,120
./or-60-5-4-UC-20.cnf,0.0207571,119,2,120
./or-60-5-4-UC-30.cnf,0.0128859,119,2,120
./or-60-5-4-UC-40.cnf,0.0200621,119,2,120
./or-60-5-4.cnf,0.0174389,1,0,0
./or-60-5-5-UC-10.cnf,0.0184259,117,4,120
./or-60-5-5-UC-20.cnf,0.0198841,117,3,120
./or-60-5-5-UC-30.cnf,0.0139731,117,3,120
./or-60-5-5-UC-40.cnf,0.016346,1,0,0
./or-60-5-5.cnf,0.0205501,1,0,0
./or-60-5-6-UC-10.cnf,0.014388,1,0,0
./or-60-5-6-UC-20.cnf,0.0176221,117,3,120
./or-60-5-6-UC-30.cnf,0.0159499,118,3,120
./or-60-5-6-UC-40.cnf,0.0216069,118,3,120
./or-60-5-6.cnf,0.021073,1,0,0
./or-60-5-7-UC-10.cnf,0.0145611,118,3,120
./or-60-5-7-UC-20.cnf,0.0222629,117,3,120
./or-60-5-7-UC-30.cnf,0.0211921,117,2,120
./or-60-5-7-UC-40.cnf,0.0218891,118,2,120
./or-60-5-7.cnf,0.011266,1,0,0
./or-60-5-8-UC-10.cnf,0.0181961,118,3,120
./or-60-5-8-UC-20.cnf,0.0196739,1,0,0
./or-60-5-8-UC-30.cnf,0.0193039,116,3,120
./or-60-5-8-UC-40.cnf,0.0188439,119,2,120
./or-60-5-8.cnf,0.0136149,1,0,0
./or-60-5-9-UC-10.cnf,0.0113309,1,0,0
./or-60-5-9-UC-20.cnf,0.016924,119,2,120
./or-60-5-9-UC-30.cnf,0.0146849,118,2,120
./or-60-5-9-UC-40.cnf,0.013298,119,2,120
./or-60-5-9.cnf,0.0199949,1,0,0
./or-70-10-1-UC-10.cnf,0.0173729,137,4,140
./or-70-10-1-UC-20.cnf,0.0127299,135,4,140
./or-70-10-1-UC-30.cnf,0.0194119,134,4,140
./or-70-10-1-UC-40.cnf,0.0205249,135,3,140
./or-70-10-1.cnf,0.01297,1,0,0
./or-70-10-10-UC-10.cnf,0.0193381,138,3,140
./or-70-10-10-UC-20.cnf,0.013431,1,0,0
./or-70-10-10-UC-30.cnf,0.0200739,1,0,0
./or-70-10-10-UC-40.cnf,0.0194549,1,0,0
./or-70-10-10.cnf,0.017221,1,0,0
./or-70-10-2-UC-10.cnf,0.0148401,134,4,140
./or-70-10-2-UC-20.cnf,0.0144871,133,4,140
./or-70-10-2-UC-30.cnf,0.0155711,135,4,140
./or-70-10-2-UC-40.cnf,0.0145209,139,2,140
./or-70-10-2.cnf,0.020423,1,0,0
./or-70-10-3-UC-10.cnf,0.025806,131,4,140
./or-70-10-3-UC-20.cnf,0.0183349,138,2,140
./or-70-10-3-UC-30.cnf,0.0253511,137,3,140
./or-70-10-3-UC-40.cnf,0.0248701,139,2,140
./or-70-10-3.cnf,0.0145861,1,0,0
./or-70-10-4-UC-10.cnf,0.0209429,133,4,140
./or-70-10-4-UC-20.cnf,0.023859,126,4,140
./or-70-10-4-UC-30.cnf,0.0207569,123,4,140
./or-70-10-4-UC-40.cnf,0.0136281,130,3,140
./or-70-10-4.cnf,0.013761,1,0,0
./or-70-10-5-UC-10.cnf,0.020943,137,4,140
./or-70-10-5-UC-20.cnf,0.023135,134,4,140
./or-70-10-5-UC-30.cnf,0.023399,139,2,140
./or-70-10-5-UC-40.cnf,0.0164089,139,2,140
./or-70-10-5.cnf,0.0205299,1,0,0
./or-70-10-6-UC-10.cnf,0.0235891,138,3,140
./or-70-10-6-UC-20.cnf,0.0146851,134,4,140
./or-70-10-6-UC-30.cnf,0.023076,136,4,140
./or-70-10-6-UC-40.cnf,0.0168481,139,2,140
./or-70-10-6.cnf,0.0207711,1,0,0
./or-70-10-7-UC-10.cnf,0.028448,138,3,140
./or-70-10-7-UC-20.cnf,0.016268,132,3,140
./or-70-10-7-UC-30.cnf,0.023177,133,3,140
./or-70-10-7-UC-40.cnf,0.022913,134,3,140
./or-70-10-7.cnf,0.014318,1,0,0
./or-70-10-8-UC-10.cnf,0.01726,1,0,0
./or-70-10-8-UC-20.cnf,0.0225561,137,3,140
./or-70-10-8-UC-30.cnf,0.0239049,136,3,140
./or-70-10-8-UC-40.cnf,0.016105,137,3,140
./or-70-10-8.cnf,0.0129199,1,0,0
./or-70-10-9-UC-10.cnf,0.0159811,136,3,140
./or-70-10-9-UC-20.cnf,0.0211251,138,3,140
./or-70-10-9-UC-30.cnf,0.0214231,135,3,140
./or-70-10-9-UC-40.cnf,0.0183451,137,2,140
./or-70-10-9.cnf,0.018551,1,0,0
./or-70-20-1-UC-10.cnf,0.020665,128,4,140
./or-70-20-1-UC-20.cnf,0.017234,125,4,140
./or-70-20-1-UC-30.cnf,0.016963,126,4,140
./or-70-20-1-UC-40.cnf,0.018616,131,4,140
./or-70-20-1.cnf,0.014857,1,0,0
./or-70-20-10-UC-10.cnf,0.014378,134,4,140
./or-70-20-10-UC-20.cnf,0.0224009,127,4,140
./or-70-20-10-UC-30.cnf,0.0164641,129,4,140
./or-70-20-10-UC-40.cnf,0.018018,133,4,140
./or-70-20-10.cnf,0.0245151,1,0,0
./or-70-20-2-UC-10.cnf,0.0139621,135,4,140
./or-70-20-2-UC-20.cnf,0.0228599,131,4,140
./or-70-20-2-UC-30.cnf,0.013957,131,4,140
./or-70-20-2-UC-40.cnf,0.0149669,133,4,140
./or-70-20-2.cnf,0.0124101,1,0,0
./or-70-20-3-UC-10.cnf,0.02497,130,4,140
./or-70-20-3-UC-20.cnf,0.021057,125,4,140
./or-70-20-3-UC-30.cnf,0.0219561,123,4,140
./or-70-20-3-UC-40.cnf,0.0310829,132,4,140
./or-70-20-3.cnf,0.0207149,1,0,0
./or-70-20-4-UC-10.cnf,0.0181099,131,4,140
./or-70-20-4-UC-20.cnf,0.013287,129,4,140
./or-70-20-4-UC-30.cnf,0.019467,133,4,140
./or-70-20-4-UC-40.cnf,0.0240609,133,4,140
./or-70-20-4.cnf,0.015411,1,0,0
./or-70-20-5-UC-10.cnf,0.0184299,131,4,140
./or-70-20-5-UC-20.cnf,0.024255,129,4,140
./or-70-20-5-UC-30.cnf,0.0133581,131,4,140
./or-70-20-5-UC-40.cnf,0.018616,133,4,140
./or-70-20-5.cnf,0.0193069,1,0,0
./or-70-20-6-UC-10.cnf,0.0213049,132,4,140
./or-70-20-6-UC-20.cnf,0.014713,132,3,140
./or-70-20-6-UC-30.cnf,0.0129829,138,3,140
./or-70-20-6-UC-40.cnf,0.0194109,138,3,140
./or-70-20-6.cnf,0.0147349,1,0,0
./or-70-20-7-UC-10.cnf,0.022636,135,3,140
./or-70-20-7-UC-20.cnf,0.018494,127,4,140
./or-70-20-7-UC-30.cnf,0.019666,130,4,140
./or-70-20-7-UC-40.cnf,0.0211651,133,5,140
./or-70-20-7.cnf,0.0190051,1,0,0
./or-70-20-8-UC-10.cnf,0.022284,134,4,140
./or-70-20-8-UC-20.cnf,0.0214901,129,4,140
./or-70-20-8-UC-30.cnf,0.0256599,129,4,140
./or-70-20-8-UC-40.cnf,0.0167999,129,6,140
./or-70-20-8.cnf,0.018509,1,0,0
./or-70-20-9-UC-10.cnf,0.017922,137,3,140
./or-70-20-9-UC-20.cnf,0.018205,135,3,140
./or-70-20-9-UC-30.cnf,0.022256,135,3,140
./or-70-20-9-UC-40.cnf,0.0210459,136,2,140
./or-70-20-9.cnf,0.0189491,1,0,0
./or-70-5-1-UC-10.cnf,0.0229331,138,3,140
./or-70-5-1-UC-20.cnf,0.0224859,138,3,140
./or-70-5-1-UC-30.cnf,0.016071,1,0,0
./or-70-5-1-UC-40.cnf,0.014947,1,0,0
./or-70-5-1.cnf,0.0195259,1,0,0
./or-70-5-10-UC-10.cnf,0.021651,134,4,140
./or-70-5-10-UC-20.cnf,0.0200089,138,2,140
./or-70-5-10-UC-30.cnf,0.020886,138,3,140
./or-70-5-10-UC-40.cnf,0.0207419,139,2,140
./or-70-5-10.cnf,0.0196461,1,0,0
./or-70-5-2-UC-10.cnf,0.020905,138,3,140
./or-70-5-2-UC-20.cnf,0.019966,136,3,140
./or-70-5-2-UC-30.cnf,0.019593,1,0,0
./or-70-5-2-UC-40.cnf,0.020199,1,0,0
./or-70-5-2.cnf,0.0187279,1,0,0
./or-70-5-3-UC-10.cnf,0.0210271,1,0,0
./or-70-5-3-UC-20.cnf,0.0153851,1,0,0
./or-70-5-3-UC-30.cnf,0.0205159,138,3,140
./or-70-5-3-UC-40.cnf,0.0190331,1,0,0
./or-70-5-3.cnf,0.0150899,1,0,0
./or-70-5-4-UC-10.cnf,0.0157229,136,4,140
./or-70-5-4-UC-20.cnf,0.015212,136,4,140
./or-70-5-4-UC-30.cnf,0.0248791,133,3,140
./or-70-5-4-UC-40.cnf,0.0224621,137,3,140
./or-70-5-4.cnf,0.0183371,1,0,0
./or-70-5-5-UC-10.cnf,0.0118829,1,0,0
./or-70-5-5-UC-20.cnf,0.023932,137,4,140
./or-70-5-5-UC-30.cnf,0.0184241,138,3,140
./or-70-5-5-UC-40.cnf,0.020532,139,2,140
./or-70-5-5.cnf,0.014116,1,0,0
./or-70-5-6-UC-10.cnf,0.015117,137,4,140
./or-70-5-6-UC-20.cnf,0.0210701,137,4,140
./or-70-5-6-UC-30.cnf,0.0173611,137,4,140
./or-70-5-6-UC-40.cnf,0.0160991,1,0,0
./or-70-5-6.cnf,0.0196711,1,0,0
./or-70-5-7-UC-10.cnf,0.022379,135,4,140
./or-70-5-7-UC-20.cnf,0.019621,135,4,140
./or-70-5-7-UC-30.cnf,0.016075,138,3,140
./or-70-5-7-UC-40.cnf,0.020276,139,2,140
./or-70-5-7.cnf,0.0190261,1,0,0
./or-70-5-8-UC-10.cnf,0.016286,135,4,140
./or-70-5-8-UC-20.cnf,0.0209989,134,4,140
./or-70-5-8-UC-30.cnf,0.020081,137,3,140
./or-70-5-8-UC-40.cnf,0.019058,139,2,140
./or-70-5-8.cnf,0.0152309,1,0,0
./or-70-5-9-UC-10.cnf,0.018109,138,3,140
./or-70-5-9-UC-20.cnf,0.0218109,139,2,140
./or-70-5-9-UC-30.cnf,0.019012,138,2,140
./or-70-5-9-UC-40.cnf,0.013468,1,0,0
./or-70-5-9.cnf,0.0142909,1,0,0
./prob001.pddl.cnf,0.046321,850,12,939
./prob002.pddl.cnf,0.770484,1089,165,1337
./prob003.pddl.cnf,0.444342,1251,119,1413
./prob004.pddl.cnf,0.321911,2088,81,2303
./prob005.pddl.cnf,1.50173,2149,184,2701
./prob012.pddl.cnf,0.86222,1997,138,2324
./ra.cnf,1.06689,1202,34,1236
./rb.cnf,1.68767,1804,51,1854
./rc.cnf,4.25171,2402,68,2472
./s1196a_15_7.cnf,0.0937841,722,38,777
./s1196a_3_2.cnf,0.118679,642,36,690
./s1196a_7_4.cnf,0.128322,653,40,708
./s1238a_15_7.cnf,0.121839,708,44,773
./s1238a_3_2.cnf,0.117616,635,41,686
./s1238a_7_4.cnf,0.131464,651,40,704
./s13207a_15_7.cnf,0.576318,9155,55,9455
./s13207a_3_2.cnf,0.475328,9078,59,9368
./s13207a_7_4.cnf,0.546066,9106,58,9386
./s1423a_15_7.cnf,0.057205,813,18,864
./s1423a_3_2.cnf,0.05067,728,13,777
./s1423a_7_4.cnf,0.0415231,750,19,795
./s1488_15_7.cnf,0.120376,912,29,941
./s1488_3_2.cnf,0.122603,825,30,854
./s1488_7_4.cnf,0.125866,843,29,872
./s15850a_15_7.cnf,0.865805,10687,67,10995
./s15850a_3_2.cnf,0.749651,10582,63,10908
./s15850a_7_4.cnf,0.775522,10596,62,10926
./s27_15_7.cnf,0.012339,26,4,32
./s27_3_2.cnf,0.0200221,14,4,20
./s27_7_4.cnf,0.020134,18,4,24
./s298_15_7.cnf,0.0333699,277,10,292
./s298_3_2.cnf,0.023967,190,8,205
./s298_7_4.cnf,0.0264371,207,10,223
./s344_15_7.cnf,0.0303451,271,10,284
./s344_3_2.cnf,0.023696,185,8,197
./s344_7_4.cnf,0.0220119,203,7,215
./s349_15_7.cnf,0.0250889,271,9,285
./s349_3_2.cnf,0.0194869,188,6,198
./s349_7_4.cnf,0.0280399,203,8,216
./s35932_15_7.cnf,1.38857,16797,17,17918
./s35932_3_2.cnf,1.48004,16827,18,17831
./s35932_7_4.cnf,1.64181,16821,20,17849
./s382_15_7.cnf,0.030542,333,9,350
./s382_3_2.cnf,0.0222301,248,7,263
./s382_7_4.cnf,0.026609,266,8,281
./s38417_15_7.cnf,1.97039,25053,36,25615
./s38417_3_2.cnf,1.99589,24973,37,25528
./s38417_7_4.cnf,1.9389,25063,33,25546
./s38584_15_7.cnf,7.96121,22557,87,23492
./s38584_3_2.cnf,8.02383,22477,89,23405
./s38584_7_4.cnf,8.5809,22497,90,23423
./s420_15_7.cnf,0.028042,343,11,366
./s420_3_2.cnf,0.024493,275,9,294
./s420_7_4.cnf,0.03038,291,10,312
./s444_15_7.cnf,0.025886,358,11,377
./s444_3_2.cnf,0.026479,273,8,290
./s444_7_4.cnf,0.0323029,292,10,308
./s510_15_7.cnf,0.0232499,323,16,340
./s510_3_2.cnf,0.034472,282,15,298
./s510_7_4.cnf,0.0330911,293,20,316
./s526_15_7.cnf,0.0395189,422,17,452
./s526_3_2.cnf,0.0423959,340,13,365
./s526_7_4.cnf,0.0438379,356,15,383
./s526a_15_7.cnf,0.0432729,424,17,453
./s526a_3_2.cnf,0.036293,345,14,366
./s526a_7_4.cnf,0.0316329,359,14,384
./s5378a_15_7.cnf,0.216189,3602,51,3766
./s5378a_3_2.cnf,0.219475,3530,50,3679
./s5378a_7_4.cnf,0.193072,3526,48,3697
./s641_15_7.cnf,0.0265369,557,15,576
./s641_3_2.cnf,0.023055,469,17,489
./s641_7_4.cnf,0.034653,490,15,507
./s713_15_7.cnf,0.0330279,578,14,596
./s713_3_2.cnf,0.0280641,492,11,509
./s713_7_4.cnf,0.0276601,507,16,527
./s820a_15_7.cnf,0.0357811,670,9,685
./s820a_3_2.cnf,0.0290421,591,5,598
./s820a_7_4.cnf,0.0335951,602,7,616
./s832a_15_7.cnf,0.0337669,676,12,693
./s832a_3_2.cnf,0.022753,594,8,606
./s832a_7_4.cnf,0.0346101,611,10,624
./s838_15_7.cnf,0.040063,649,11,685
./s838_3_2.cnf,0.036946,560,9,598
./s838_7_4.cnf,0.0385189,581,10,616
./s9234a_15_7.cnf,0.346575,6208,47,6382
./s9234a_3_2.cnf,0.319828,6104,47,6295
./s9234a_7_4.cnf,0.369984,6135,45,6313
./s953a_15_7.cnf,0.0702701,554,39,602
./s953a_3_2.cnf,0.058538,483,32,515
./s953a_7_4.cnf,0.0841571,491,38,533
./sat-grid-pbl-0010.cnf,0.020914,57,8,110
./sat-grid-pbl-0015.cnf,0.023277,121,10,240
./sat-grid-pbl-0020.cnf,0.026372,211,10,420
./sat-grid-pbl-0025.cnf,0.040112,303,22,650
./sat-grid-pbl-0030.cnf,0.0555581,451,18,930
./tire-1.cnf,0.0294569,342,8,352
./tire-2.cnf,0.0325351,534,7,550
./tire-3.cnf,0.0521779,548,18,577
./tire-4.cnf,0.0535931,783,13,812
